"Species","Name","Habitat.indicator","All.bird.index","open_vs_forest","urban_vs_forest","spring_mean_temperature","spring_rainfall","landscape_diversity","primary_productivity","urbanisation_increase_effect_on_trend","treedensity_increase_effect_on_trend","non_intensively_managed_forest_effect_on_trend","intensively_managed_forest_effect_on_trend","farmland_increase_effect_on_trend","low_intensively_managed_farmland_effect_on_trend","medium_intensively_managed_farmland_effect_on_trend","high_intensively_managed_farmland_effect_on_trend","temperature_increase_effect_on_trend","temperature_variation_increase_effect_on_trend","rainfall_increase_effect_on_trend","landscape_diversity_increase_effect_on_trend","protected_area_effect_on_trend","dev_exp"
"Acanthis flammea","redpoll",NA,"ABI",-0.156324538470146,-0.551923068115981,-0.4842499132509,0.0954365072184425,0.0984537941459723,-0.263735406858192,NA,0.0324228432958374,-0.0382052669493305,NA,NA,NA,NA,NA,0.0387022473335455,0.0350319564044895,NA,NA,NA,0.3940747643593
"Accipiter gentilis","Eurasian goshawk",NA,NA,NA,NA,NA,NA,NA,NA,NA,NA,NA,NA,NA,NA,NA,NA,NA,NA,NA,NA,NA,NA
"Accipiter nisus","Eurasian sparrowhawk","Forest","ABI",NA,NA,NA,NA,NA,NA,NA,NA,NA,NA,NA,NA,NA,NA,NA,NA,NA,NA,NA,NA
"Acrocephalus arundinaceus","great reed warbler",NA,"ABI",NA,0.275949063809643,0.473480344748544,-0.207147113171279,0.0465172710363759,0.23353556534336,NA,-0.0642775340446345,NA,NA,NA,NA,NA,0.0931625388074985,NA,NA,NA,-0.0390131710113012,0.08892275226412,0.237499542917706
"Acrocephalus dumetorum","Blyth's reed warbler",NA,NA,NA,NA,1.03153854927932,NA,0.452070587894774,NA,-0.157323121283161,0.12261907442051,-0.302214689760884,-0.263035150759625,NA,NA,NA,NA,NA,NA,NA,NA,-0.164116378733196,0.292003402599592
"Acrocephalus palustris","marsh warbler",NA,"ABI",0.677150204862696,0.799220980024114,0.181659567990744,0.318288015996605,NA,0.21755089371704,-0.0278928565352896,NA,NA,-0.0507176409780695,0.0455457921641306,NA,NA,NA,NA,-0.0661269483443672,NA,NA,-0.0383839761594553,0.23414081396509
"Acrocephalus schoenobaenus","sedge warbler",NA,"ABI",0.316277454244728,0.220390571941302,NA,-0.157797873183749,NA,0.425132824070509,NA,NA,-0.0356047722959801,-0.0662404945840193,-0.0461701387649808,0.0655369122105492,NA,NA,0.0823171510707535,0.127061355820198,NA,0.0293899951921652,0.0397435558663228,0.37529492682917
"Acrocephalus scirpaceus","common reed warbler",NA,"ABI",0.494057745432421,0.473354405700128,0.572154943839928,NA,0.0232932316766021,0.0724777679650805,-0.0178736263002353,0.0381679053054837,NA,NA,NA,NA,NA,0.0576487397888926,NA,NA,NA,0.0886255523977248,NA,0.409032631068611
"Actitis hypoleucos","common sandpiper",NA,"ABI",NA,NA,NA,NA,NA,NA,NA,NA,NA,NA,NA,NA,NA,NA,NA,NA,NA,NA,NA,NA
"Aegithalos caudatus","long-tailed tit",NA,"ABI",NA,NA,NA,NA,NA,NA,NA,NA,NA,NA,NA,NA,NA,NA,NA,NA,NA,NA,NA,NA
"Aix galericulata","mandarin duck",NA,NA,NA,NA,NA,NA,NA,NA,NA,NA,NA,NA,NA,NA,NA,NA,NA,NA,NA,NA,NA,NA
"Alauda arvensis","Eurasian skylark","Farmland","ABI",0.684648354843633,0.24592841674306,-0.307901168927713,-0.208643269454071,-0.164422620955536,0.126553737598164,NA,NA,-0.0316855864701687,NA,0.0121836357128975,0.027169846070854,NA,NA,0.012559174423742,-0.0293156229231288,NA,NA,0.0198570478633985,0.252224612718347
"Alcedo atthis","common kingfisher",NA,"ABI",NA,NA,NA,NA,NA,NA,NA,NA,NA,NA,NA,NA,NA,NA,NA,NA,NA,NA,NA,NA
"Alectoris rufa","red-legged partridge","Farmland","ABI",0.449701587715975,NA,0.300692191124913,-0.235792831676172,-0.206089715810878,-0.239205199857271,NA,-0.0338578971453159,NA,NA,0.0358132809485809,NA,NA,NA,NA,-0.0370702674247643,-0.0916570976074827,NA,0.0462791708323016,0.314322431558859
"Alopochen aegyptiaca","Egyptian goose",NA,NA,0.260025468294837,0.753491493474428,NA,NA,0.169673343014225,0.166817694096279,-0.0610830618839416,NA,-0.056109735548034,NA,NA,NA,-0.0828162155892283,-0.117891847688726,NA,NA,-0.256101622680733,NA,0.0900421353749329,0.209439997264967
"Anas crecca","Eurasian teal",NA,NA,-0.510225459312918,-0.400560175179606,0.162980741452542,-0.135219003884614,0.0293651349375308,-0.261639339159082,0.0778069123954763,-0.0436475565857333,0.0887090552974198,0.0532628588872219,NA,0.151681530844543,NA,-0.0326981573693763,-0.121976373452958,-0.0452494142575886,NA,NA,NA,0.155296310377257
"Anas platyrhynchos","mallard",NA,"ABI",0.415423487198414,0.702777122777057,0.585645085015522,0.0788500613340121,0.0128358995842663,NA,NA,NA,NA,NA,NA,0.0319723611828963,0.0215368757674168,NA,-0.0151691620903202,NA,-0.0177680878468697,-0.0204907448272226,0.0175531848580877,0.214531344093513
"Anser anser","greylag goose",NA,NA,0.319056128248371,0.180750325376832,NA,-0.225847268080153,0.166457866669478,0.0642400408486783,NA,NA,NA,-0.0378536763471738,-0.0492873549050749,0.0841840493784938,0.0562384225818615,0.094386616245769,NA,NA,NA,NA,NA,0.170654333679987
"Anthus campestris","tawny pipit","Farmland","ABI",0.282666818958899,-0.733028307222804,-0.276424672748661,-0.205869842921862,NA,-0.338060090442108,-0.0860021287106342,NA,-0.107508446798577,-0.11299268520266,NA,NA,NA,NA,NA,-0.108169911946099,-0.0487264747830382,NA,0.0658219711751813,0.207350519560265
"Anthus pratensis","meadow pipit","Farmland","ABI",NA,-0.832953830818867,-0.893247192001236,0.202682302446477,-0.0626795406808568,-0.18799624157019,NA,-0.0494381394555876,-0.025499486861546,-0.0357554285739026,NA,NA,NA,NA,NA,NA,0.0600599184266266,0.0297353429531712,0.0143228555085856,0.433536911495551
"Anthus spinoletta","water pipit",NA,NA,0.364553750733363,-2.02048085442165,-0.428655976267223,-0.261963289117715,-0.0756413799645706,-0.589985220725229,NA,NA,NA,NA,NA,0.134200657846903,0.119989816666408,NA,NA,0.135082647524495,NA,0.0645660990821281,-0.0599397569105523,0.457870708907074
"Anthus trivialis","tree pipit","Forest","ABI",-0.527144847091426,-1.19123174508282,0.0814067029964573,0.11523264444999,-0.110809690935107,-0.206763726824884,NA,NA,NA,-0.0237724085453853,-0.0216047155783503,-0.0322904247181704,-0.0559132362581779,-0.0493406909258117,0.0139045031889396,NA,NA,NA,NA,0.422527232972153
"Apus apus","common swift",NA,"ABI",0.090424532707574,0.697466657961688,0.158183853810291,-0.0851992299234044,0.0210132790633753,-0.052888841391018,-0.0216455093022514,NA,0.0185544929778188,NA,NA,NA,NA,NA,NA,0.0595576762194659,0.0221859826800409,0.0141771318179215,-0.0186085457418622,0.258722145749146
"Aquila chrysaetos","golden eagle ",NA,NA,NA,NA,NA,NA,NA,NA,NA,NA,NA,NA,NA,NA,NA,NA,NA,NA,NA,NA,NA,NA
"Ardea alba","great egret",NA,NA,NA,-0.961335061406337,NA,0.436637657808449,NA,-0.652440964421918,NA,NA,NA,NA,NA,NA,NA,NA,NA,NA,NA,NA,NA,0.217052186097539
"Ardea cinerea","grey heron",NA,"ABI",0.502114472698697,0.301899400347586,0.834666906402582,NA,0.0652240153220891,-0.233637977860044,0.0191521926708793,-0.0248825387498156,NA,-0.0205582515763571,NA,0.0524474726831143,0.0345066251411101,0.0540421684769938,NA,0.117190230872949,0.0297277221552326,-0.0307669576452358,0.0194168540880104,0.190149410704581
"Ardea purpurea","purple heron",NA,NA,NA,-0.863426102638984,1.46915650528236,NA,-0.306103965805308,-0.585623372178385,NA,NA,NA,NA,NA,NA,NA,0.186386954054554,NA,NA,NA,-0.0978410046513969,0.183649402177373,0.273680707712851
"Asio flammeus","short-eared owl",NA,NA,NA,NA,NA,NA,NA,NA,NA,NA,NA,NA,NA,NA,NA,NA,NA,NA,NA,NA,NA,NA
"Asio otus","long-eared owl",NA,NA,NA,NA,NA,NA,NA,NA,NA,NA,NA,NA,NA,NA,NA,NA,NA,NA,NA,NA,NA,NA
"Athene noctua","little owl",NA,NA,0.575110093940592,0.246941296980792,0.236023691311382,NA,NA,-0.252018011881697,NA,NA,NA,0.174969107385239,NA,NA,NA,NA,-0.0311741590988792,NA,0.0324586820981808,NA,0.055100215304697,0.19846083685326
"Aythya ferina","common pochard",NA,NA,-0.280044152536195,-0.645940362058674,NA,-0.539915646303639,0.205405463444118,-0.291143781757021,NA,NA,NA,NA,NA,NA,NA,NA,-0.115658563014944,0.146951783940085,NA,NA,NA,0.256457922610004
"Aythya fuligula","tufted duck",NA,NA,0.288953825931883,0.22738292464215,-0.214825237821088,-0.49488876859018,0.139412826263328,-0.110026229375541,NA,NA,NA,-0.0428901096212182,NA,-0.0920633942082317,NA,NA,NA,NA,NA,NA,0.0489899101621534,0.161413847417671
"Bombycilla garrulus","Bohemian waxwing","Forest","ABI",NA,NA,0.582741584480801,NA,0.0969205959506719,-0.484987536656424,NA,NA,NA,NA,NA,NA,NA,NA,NA,0.0699316845776864,NA,NA,NA,0.158014775764852
"Bonasa bonasia","hazel grouse","Forest","ABI",-0.447185727073061,NA,NA,NA,-0.120349449815881,NA,NA,NA,NA,NA,-0.0719253887002271,NA,NA,NA,NA,NA,-0.122653368733128,NA,NA,0.156069484006953
"Botaurus stellaris","Eurasian bittern",NA,NA,0.255294078455312,NA,NA,NA,0.131924017537369,0.124100195133646,NA,NA,NA,NA,-0.0915684504681436,NA,NA,0.181185344150645,0.106862101773274,-0.112231418787198,NA,0.0784061735749268,NA,0.217344098223716
"Branta canadensis","Canada goose",NA,NA,NA,NA,NA,NA,NA,NA,NA,NA,NA,NA,NA,NA,NA,NA,NA,NA,NA,NA,NA,NA
"Branta leucopsis","barnacle goose",NA,NA,NA,0.246216869634927,NA,NA,0.100061330255239,-0.238764122519145,-0.153866711557059,-0.115434754024596,NA,-0.0985908521658665,NA,-0.471902697185204,-0.27732393868323,NA,0.156576550373844,-0.193266259336729,NA,0.12056455119337,-0.180764973120796,0.227419442360799
"Bubulcus ibis","western cattle egret","Farmland","ABI",0.442330700780079,0.358762103342594,0.566596684927578,-0.258653404171473,-0.0923272859813682,0.168555584651001,NA,NA,-0.116633820557495,NA,-0.121961683788601,NA,NA,NA,NA,0.249665068850544,-0.137769524154346,-0.111695586888993,NA,0.195643118269829
"Bucephala clangula","common goldeneye",NA,NA,NA,NA,NA,NA,NA,NA,NA,NA,NA,NA,NA,NA,NA,NA,NA,NA,NA,NA,NA,NA
"Burhinus oedicnemus","Eurasian stone-curlew","Farmland","ABI",1.09211694860545,1.28597564973512,0.15778882815691,NA,-0.246585483055453,-0.637643401967292,NA,-0.0571337629660413,-0.0760853075367629,NA,0.0781065849694856,NA,-0.172088398959981,-0.18842332114561,NA,-0.0623519938395587,NA,-0.0452870420743901,NA,0.32904814421601
"Buteo buteo","common buzzard",NA,"ABI",NA,NA,NA,NA,NA,NA,NA,NA,NA,NA,NA,NA,NA,NA,NA,NA,NA,NA,NA,NA
"Buteo lagopus","rough-legged buzzard",NA,NA,NA,NA,NA,NA,NA,NA,NA,NA,NA,NA,NA,NA,NA,NA,NA,NA,NA,NA,NA,NA
"Calandrella brachydactyla","greater short-toed lark","Farmland","ABI",0.86472846561763,-1.17454243963938,NA,-0.768682637478246,-0.120592341328606,-0.360852102857164,NA,NA,NA,NA,0.104572900651011,NA,NA,NA,0.126884396765905,NA,-0.0953157787467072,NA,NA,0.341304302867049
"Calidris alpina","dunlin",NA,NA,NA,NA,NA,-0.892999350614041,NA,NA,NA,-0.227105438127293,NA,NA,NA,0.141435183108245,NA,NA,NA,NA,NA,NA,NA,0.28810291591117
"Calidris pugnax","ruff",NA,NA,NA,-3.89358809299752,NA,1.25114941779834,NA,-0.985592579196974,NA,NA,NA,NA,NA,0.552697440938334,0.491545129247142,NA,NA,NA,-0.231489157255168,-0.312189750554403,-0.289521092835171,0.220440405887228
"Caprimulgus europaeus","European nightjar",NA,NA,-0.895737881878534,-1.03827922517395,NA,0.433038076402732,-0.399259507355421,0.287809383728025,-0.203754890964835,0.0955769655576207,NA,-0.0777484007500052,0.116808049178734,NA,0.0936569922718388,NA,NA,NA,NA,NA,-0.169444348937301,0.576310088702285
"Carduelis carduelis","European goldfinch",NA,"ABI",0.337166658993031,0.390245257849642,0.184901335887901,-0.0800427401533016,0.0742074936403855,NA,0.0240477024608756,-0.034181742758229,-0.031762417298454,-0.00978591025459432,0.0101092696083048,-0.0220991458907508,NA,NA,0.0247537191926259,-0.0314715988942224,-0.0651697244839435,NA,NA,0.24648229282794
"Carduelis citrinella","citril finch","Forest","ABI",-0.090855168552805,NA,NA,-0.403912422420953,-0.387897896204423,-1.23762318187775,-0.130426357694311,NA,NA,-0.146082645815896,NA,NA,NA,-0.215253556231601,-0.209107529553805,-0.214211810936563,NA,-0.0421027865907948,-0.0463786395336208,0.403412042354129
"Carpodacus erythrinus","common rosefinch",NA,"ABI",NA,-0.401473755296983,-0.447879736140257,NA,0.278599613209836,NA,NA,0.0890448742661725,NA,NA,-0.0716933719507492,0.0587612498269813,NA,0.115739284107871,0.0546598937276644,NA,NA,NA,NA,0.41191405264319
"Cecropis daurica","red-rumped swallow",NA,"ABI",NA,-0.851697104824823,0.300332929974906,-0.325886825410303,0.203008933282413,0.1255867005666,NA,NA,NA,NA,0.025325727399837,NA,NA,-0.0894710597258225,NA,0.0906545164146094,NA,NA,-0.121240253595252,0.280839797813174
"Certhia brachydactyla","short-toed treecreeper","Forest","ABI",-0.328552043806285,-0.0563629735183698,0.327523782301723,0.0798668408418265,0.015742367648938,0.119796381668693,-0.0293590544999484,-0.0179679437715926,-0.0326921942850718,-0.0285192991605605,NA,NA,-0.0234994861224832,-0.0414856168878504,NA,0.0247051341575296,NA,0.0176542039572178,NA,0.245421711640253
"Certhia familiaris","Eurasian treecreeper","Forest","ABI",-0.497526876659505,-0.743083591320997,-0.177315518609553,NA,-0.0418275394579284,-0.028604538538314,NA,0.0261174795275972,NA,NA,NA,NA,NA,NA,NA,-0.0348195734315394,-0.0444974253162611,NA,NA,0.376173780352608
"Cettia cetti","Cetti's warbler",NA,"ABI",0.564495284694764,0.875712454731884,0.38739695194641,-0.327226758845631,0.151556985740366,NA,NA,NA,NA,NA,NA,0.0681940606119335,0.0728958152519985,0.128315645508663,0.0445576481501023,NA,0.0368842771267501,NA,-0.0322804949754161,0.270439389062433
"Charadrius dubius","little ringed plover",NA,NA,NA,NA,NA,NA,NA,NA,NA,NA,NA,NA,NA,NA,NA,NA,NA,NA,NA,NA,NA,NA
"Charadrius hiaticula","common ringed plove",NA,NA,NA,NA,-0.716690508186446,-0.447905477486028,NA,-0.618537160557534,NA,NA,NA,NA,NA,NA,NA,NA,NA,NA,NA,NA,NA,0.169894799410214
"Chloris chloris","European greenfinch",NA,"ABI",0.36636089415463,0.741057888774296,0.272364700619794,-0.0759319266691888,0.118424436842957,0.034264663105157,-0.010560911957092,-0.00916997998474585,0.0475282201763039,0.0208692851037591,NA,NA,-0.0134736633661971,NA,-0.0158071130404295,0.0464070773005629,0.0341066061969503,-0.0237505114530182,NA,0.2631003023123
"Ciconia ciconia","white stork","Farmland","ABI",0.371253400969123,-0.188275380340324,0.434999778491579,NA,0.0546327422375696,NA,-0.142613125161586,NA,-0.115781621176754,-0.0637970304735885,-0.0264340714034406,-0.0632149457655528,-0.104180144661029,NA,-0.0448662428519129,0.0612150919583747,0.0400303843156612,-0.0490636949352165,-0.0498769080078627,0.354697168748388
"Ciconia nigra","black stork",NA,NA,NA,NA,NA,NA,NA,NA,NA,NA,NA,NA,NA,NA,NA,NA,NA,NA,NA,NA,NA,NA
"Cinclus cinclus","white-throated dipper",NA,NA,NA,NA,NA,NA,NA,NA,NA,NA,NA,NA,NA,NA,NA,NA,NA,NA,NA,NA,NA,NA
"Circaetus gallicus","short-toed snake eagle",NA,NA,NA,NA,NA,NA,NA,NA,NA,NA,NA,NA,NA,NA,NA,NA,NA,NA,NA,NA,NA,NA
"Circus aeruginosus","western marsh harrier ",NA,"ABI",NA,NA,NA,NA,NA,NA,NA,NA,NA,NA,NA,NA,NA,NA,NA,NA,NA,NA,NA,NA
"Circus cyaneus","hen harrier",NA,NA,NA,NA,NA,NA,NA,NA,NA,NA,NA,NA,NA,NA,NA,NA,NA,NA,NA,NA,NA,NA
"Circus pygargus","Montagu's harrier",NA,NA,0.660939042639406,NA,NA,-0.153270349773145,-0.223467106137331,-0.0685623573167363,-0.141748760370189,NA,NA,NA,NA,NA,NA,NA,NA,0.0499537214136657,0.0950606982465275,-0.0499669420769179,-0.0518290778989441,0.284700144376776
"Cisticola juncidis","zitting cisticola",NA,"ABI",0.745912196092142,1.01564675259111,1.26761044340852,-0.160938388901435,0.0266650932362719,NA,NA,-0.0153452839255329,0.0164972765400191,NA,-0.0303836703758989,0.0403637261405621,0.0742086935523676,NA,0.0136632076137162,NA,NA,NA,NA,0.408647570330573
"Clamator glandarius","great spotted cuckoo",NA,"ABI",0.309923475089539,NA,0.642385335581782,NA,NA,-0.456649975833343,NA,NA,-0.0652226484068035,NA,NA,NA,NA,NA,NA,NA,NA,NA,NA,0.218286250035275
"Clanga pomarina","lesser spotted eagle",NA,NA,NA,NA,NA,NA,NA,NA,NA,NA,NA,NA,NA,NA,NA,NA,NA,NA,NA,NA,NA,NA
"Coccothraustes coccothraustes","hawfinch","Forest","ABI",-0.510660225303312,-0.296042779061991,0.28819158115619,-0.102563105647472,-0.039775222343024,0.271402952311003,0.0403652544651437,NA,0.0283604638124002,NA,NA,NA,-0.0675866415085741,-0.078860913904586,NA,NA,-0.0227229966740601,NA,NA,0.157034610435807
"Columba livia","rock dove",NA,NA,0.327355848230427,0.890647323151378,0.36376225373335,-0.190236948303999,-0.159543129346695,-0.495194205966263,NA,NA,NA,NA,NA,NA,NA,NA,NA,0.0607943815243102,0.0312813752813893,NA,0.0409146366456687,0.204924979414369
"Columba oenas","stock dove","Forest","ABI",NA,NA,NA,NA,NA,NA,NA,NA,NA,NA,NA,NA,NA,NA,NA,NA,NA,NA,NA,NA
"Columba palumbus","common wood pigeon",NA,"ABI",NA,0.251157371866345,0.277975796301338,-0.236199632592946,0.0562922796067921,0.101035544603401,0.0116898177426986,NA,NA,NA,-0.00593575650371459,NA,NA,-0.0144984866262458,-0.0188136153740309,0.0342626204683018,NA,NA,NA,0.34521788174482
"Coracias garrulus","European roller",NA,NA,-0.318425269272989,-1.34866486240677,0.906948537427994,NA,-0.324424334055054,-0.404377003218038,-0.14643495892557,-0.073936072201947,-0.128452943387769,NA,-0.12186731942396,-0.267790368190043,-0.292305203151962,-0.27313126844839,NA,NA,-0.134836322696765,NA,NA,0.264770110093483
"Corvus corax","common raven",NA,"ABI",NA,NA,NA,NA,NA,NA,NA,NA,NA,NA,NA,NA,NA,NA,NA,NA,NA,NA,NA,NA
"Corvus corone","carrion crow",NA,"ABI",0.385136463779739,0.502647360299099,0.1521632367923,0.0884954400960678,0.0894334916404251,0.0787100911093706,0.0114329867209501,-0.00660428888660262,-0.0104197783014048,-0.00860402038719369,NA,NA,NA,0.010950277840049,NA,NA,0.0102739896411137,NA,0.00932327480480278,0.29479739495422
"Corvus frugilegus","rook","Farmland","ABI",NA,NA,NA,NA,NA,NA,NA,NA,NA,NA,NA,NA,NA,NA,NA,NA,NA,NA,NA,NA
"Corvus monedula","western jackdaw",NA,"ABI",0.541722511677466,0.610295841662971,-0.105637221503192,-0.0728735632501662,0.145631250338374,0.236898102375949,0.0163460562942253,-0.0164161630059386,-0.03182835996651,-0.0192164146158704,0.0226036838745526,0.0342218598986434,NA,NA,NA,NA,NA,-0.0112587212939678,NA,0.154692022323863
"Coturnix coturnix","common quail",NA,NA,0.82640293632298,0.571943343039014,-0.389715464492674,-0.0553007669391924,-0.231712872719488,0.159171663451849,NA,-0.0273287612768259,-0.0265018457107223,-0.0306850024872649,NA,NA,-0.0511126448592319,NA,NA,-0.0407614718861138,NA,-0.0217632720285182,0.0237412908268844,0.267744131243514
"Crex crex","corn crake",NA,NA,0.0745348580681689,-0.240042301108858,-0.287815137890841,0.434186157767534,0.175625891970323,0.194773439065012,NA,NA,NA,NA,NA,-0.0615616275273184,NA,NA,NA,-0.0664947733722345,NA,-0.054925520269623,0.0421223667816946,0.353450635173552
"Cuculus canorus","common cuckoo",NA,"ABI",-0.283796476782209,-0.608537983358278,-0.17147448919272,-0.0953299337165751,0.0776297712082555,0.108965130272371,-0.0116012924311315,0.012080905748749,0.00927258674813485,0.00810890694300488,0.00858255691235699,0.0174535580767612,NA,NA,0.022548180033289,0.0142758765163543,NA,NA,0.0126097265982438,0.42126412870161
"Cyanecula svecica","bluethroat",NA,NA,NA,NA,-0.343071047697676,-0.348595184238403,-0.145408786971179,NA,NA,-0.0465988751334658,-0.0413001049864503,NA,NA,0.0870341582801457,0.111312153166287,0.0826347511800307,NA,NA,NA,NA,NA,0.25400027496853
"Cyanistes caeruleus","Eurasian blue tit",NA,"ABI",-0.198511117306146,0.209599540615582,0.225145733662528,NA,0.150219729705104,0.139910310030526,-0.0104906647727026,NA,NA,0.0086705995887198,NA,NA,NA,NA,NA,0.0386175321099425,NA,NA,NA,0.319781615443962
"Cyanopica cooki","Iberian magpie",NA,NA,-0.280268470469023,-3.63007056338099,0.310816968123298,NA,0.108666911818027,0.276579002536506,NA,NA,NA,0,NA,NA,NA,NA,NA,0.235691510595179,-0.341022505498896,0.0662799092888295,NA,0.238074376812834
"Cygnus cygnus","whooper swan",NA,NA,NA,-1.15512040289328,NA,NA,0.172643536858052,NA,NA,-0.0382891718813091,NA,NA,NA,NA,0.0534825152313034,0.0858003050136347,NA,NA,0.127167389756316,0.116514063776114,NA,0.166989575260127
"Cygnus olor","mute swan",NA,"ABI",NA,NA,NA,NA,NA,NA,NA,NA,NA,NA,NA,NA,NA,NA,NA,NA,NA,NA,NA,NA
"Delichon urbicum","western house martin",NA,"ABI",NA,NA,NA,NA,NA,NA,NA,NA,NA,NA,NA,NA,NA,NA,NA,NA,NA,NA,NA,NA
"Dendrocopos major","great spotted woodpecker",NA,"ABI",-0.58600949777506,-0.403873972192482,0.204225349209439,-0.0136516374016535,0.048059712190396,0.0821167292340961,0.0121213283666521,NA,-0.011065144339157,NA,NA,NA,0.0127513665744204,NA,NA,0.032547349021388,-0.00734133722045107,NA,0.0136731027067957,0.342902778011321
"Dendrocopos syriacus","Syrian woodpecker",NA,"ABI",NA,NA,NA,NA,NA,NA,NA,NA,NA,NA,NA,NA,NA,NA,NA,NA,NA,NA,NA,NA
"Dryobates minor","lesser spotted woodpecker","Forest","ABI",-0.109027819954268,NA,NA,NA,NA,0.2034181135177,NA,NA,0.0435894518796763,NA,NA,NA,NA,NA,NA,NA,0.050842449658345,NA,NA,0.191894686885849
"Dryocopus martius","black woodpecker","Forest","ABI",NA,NA,NA,NA,NA,NA,NA,NA,NA,NA,NA,NA,NA,NA,NA,NA,NA,NA,NA,NA
"Egretta garzetta","little egret",NA,"ABI",0.280174557128338,-0.757732878166545,1.44078110567758,0.299809136186519,-0.167840273305672,-0.718102530732325,0.05766650849583,-0.121457979271217,NA,NA,NA,0.08654507445581,NA,0.118380040247837,NA,NA,NA,NA,NA,0.429806729658811
"Emberiza calandra","corn bunting","Farmland","ABI",0.519690772334377,-0.122216906490502,-0.209401828915734,-0.408525293745141,-0.129092705594291,0.159602767243755,-0.0571401004477449,-0.0296083905564116,NA,NA,NA,NA,NA,-0.0413432623117909,0.0120004808918375,NA,-0.0262654465821669,-0.0159615394065816,NA,0.366420986089514
"Emberiza cia","rock bunting",NA,"ABI",-0.613613433544287,0.251665754768936,0.0870118342269326,0.166412753941051,NA,0.0683077229454753,NA,0.0264595693424005,-0.147017499762651,-0.133725184526659,-0.0382415220317276,0.0275197913133826,NA,NA,-0.0620560746024611,-0.0456494163396768,-0.0635942136659521,NA,NA,0.252014957025178
"Emberiza cirlus","cirl bunting","Farmland","ABI",-0.125662900412446,-0.509880220301526,-0.150537599350795,-0.171873732066011,0.280163904354119,0.221794785568649,NA,NA,NA,NA,NA,NA,NA,NA,NA,NA,NA,NA,NA,0.280926638794441
"Emberiza citrinella","yellowhammer","Farmland","ABI",0.25908766472911,-0.169949527693281,-0.222673443399549,-0.180265710159495,0.141465059295996,0.374595268076352,-0.0174990838796583,NA,0.0108600734583161,NA,-0.0120470933004098,NA,0.0222938644539361,NA,-0.0181635918332621,NA,NA,NA,0.0210850929385849,0.315576245344357
"Emberiza hortulana","ortolan bunting","Farmland","ABI",0.466239867603925,-0.4155068325758,NA,0.19442303903336,NA,0.351018753712532,NA,NA,NA,NA,NA,NA,NA,NA,-0.1061411614927,NA,0.0531287326618165,0.0770456066540973,NA,0.15214329695409
"Emberiza rustica","rustic bunting","Forest","ABI",NA,NA,0.723655524776673,NA,NA,-0.473616067277629,NA,-0.0608235703223621,-0.717701265136229,-0.819724549649753,NA,NA,NA,NA,NA,NA,NA,NA,-0.130487460069625,0.291369242762497
"Emberiza schoeniclus","common reed bunting",NA,"ABI",0.216484570025483,0.12868507257854,-0.331785454080598,-0.107843989120912,-0.023829611228762,0.236329847021817,-0.0402966639578123,NA,-0.0391534313174584,-0.0449826684712734,-0.0155466037474231,NA,-0.0351141452497681,NA,NA,NA,NA,0.0646782438707326,0.0374557932993787,0.375969395069074
"Erithacus rubecula","European robin",NA,"ABI",-0.69497428533956,-0.393317090124307,-0.0163836099845574,0.0588146214518053,0.0152169048254211,0.101700548506798,NA,NA,-0.00654807032558876,-0.0125235943584407,-0.00695928616423161,-0.0110316230922933,-0.0188053986453903,-0.027545794547987,-0.0174113692801991,0.0170757903841295,NA,-0.00835079950603011,0.017830361938564,0.310956189306381
"Falco columbarius","merlin",NA,NA,NA,NA,NA,NA,NA,NA,NA,NA,NA,NA,NA,NA,NA,NA,NA,NA,NA,NA,NA,NA
"Falco naumanni","lesser kestrel",NA,NA,1.28314813121932,NA,-0.690143942610193,-2.30372714145764,-0.180226830692919,-0.256648182088785,0.127497339608866,NA,NA,0,NA,NA,NA,NA,NA,-0.117875097817927,NA,NA,0.0958183939438554,0.294557595562994
"Falco peregrinus","peregrine falcon",NA,NA,NA,NA,NA,NA,NA,NA,NA,NA,NA,NA,NA,NA,NA,NA,NA,NA,NA,NA,NA,NA
"Falco subbuteo","Eurasian hobby",NA,NA,NA,NA,NA,NA,NA,NA,NA,NA,NA,NA,NA,NA,NA,NA,NA,NA,NA,NA,NA,NA
"Falco tinnunculus","common kestrel","Farmland","ABI",0.581316323179873,0.342307733716923,0.175681781451081,-0.0970821447321251,-0.0588410592653318,-0.115454282568663,0.0128841977743561,NA,NA,0.0448583674771237,NA,NA,-0.0164143482850496,NA,-0.0136745379039809,0.0344752465351333,-0.037816680180632,-0.0164446395183214,NA,0.231106894103316
"Ficedula albicollis","collared flycatcher","Forest","ABI",-0.73527308490065,-0.374666302925537,NA,-0.623556024729997,-0.251027934277962,NA,NA,NA,NA,NA,NA,NA,-0.105197254281533,-0.106208468141442,NA,NA,-0.104197847339411,NA,-0.0927461690452209,0.317529649957673
"Ficedula hypoleuca","European pied flycatcher","Forest","ABI",-0.350157004430907,-0.151310349473931,0.436739435561468,0.257092201718321,0.0414046373411749,0.126112948180415,NA,NA,0.0427959128742449,NA,NA,NA,-0.0279819858147274,NA,NA,0.0450777165157609,NA,NA,-0.0238222739142721,0.313832128105952
"Ficedula parva","red-breasted flycatcher",NA,NA,-0.629239759848867,-0.490681503961441,NA,0.347723506216138,-0.322695775910521,NA,NA,NA,NA,NA,0.178479118443896,NA,NA,-0.153857222152924,0.142124669931247,NA,-0.072131244749863,-0.123511550232664,NA,0.388442425857027
"Fringilla coelebs","Eurasian chaffinch",NA,"ABI",-0.400131128811096,-0.500749305066245,-0.134056711233884,0.0710923458944978,0.0352770374877426,0.156529962536941,-0.00691375801874572,NA,0.0171210043322584,0.00724732368667084,-0.00734844106672059,-0.011960933516565,-0.0170239701619549,-0.0230662227203925,0.0121301581249315,0.0157237194658852,0.0268220662929382,-0.0235791043103058,NA,0.308672884462304
"Fringilla montifringilla","brambling",NA,"ABI",-0.579113767853642,-1.45335900616109,NA,NA,0.0666626961939171,-1.18154389977507,NA,0.0144239015997164,NA,-0.180454672794389,NA,-0.0208764985736706,NA,NA,0.0143041933020505,NA,-0.0432882544307373,NA,-0.034730691340261,0.486116817152807
"Fulica atra","Eurasian coot",NA,"ABI",0.214954471831051,0.477556811309597,-0.145368098882525,NA,NA,-0.063620508318355,NA,NA,NA,NA,NA,NA,NA,NA,NA,NA,NA,-0.0311062002045245,-0.0330626517013869,0.296412412631579
"Galerida cristata","crested lark","Farmland","ABI",0.751131493831648,0.152370759758405,NA,-0.776076475787656,-0.150210213369606,-0.245385658042988,NA,-0.0390766948946646,NA,NA,NA,NA,NA,NA,-0.0256810444465346,NA,-0.0913439883297521,NA,NA,0.493650117082623
"Galerida theklae","Thekla's lark","Farmland","ABI",NA,-2.07225692777747,0.851007118636875,0.991750044961953,0.0809446963379296,-0.680049452114469,-0.0870556738053572,NA,-0.115054499231456,NA,0.0708911567735422,NA,NA,NA,0.0877096026930261,0.143187639272216,NA,0.0715034352228902,NA,0.322428902163875
"Gallinago gallinago","common snipe",NA,"ABI",-0.117629819131113,-0.743739125701743,-0.265412200740907,0.0432201546764307,0.0596791755916366,0.198090761594982,NA,NA,NA,-0.0220328669440435,NA,0.0525616248109979,0.026774791160295,NA,-0.0305125159335654,-0.0442283313030892,NA,-0.0329286734299858,0.0351918996021811,0.19660449396369
"Gallinula chloropus","common moorhen",NA,"ABI",0.313566340842841,0.683552056690475,1.23353355016996,0.0710057380665316,-0.0375195341270451,-0.0646576111568707,0.0369271508492577,-0.0247245165235645,NA,NA,-0.0258646590070805,NA,NA,NA,-0.029133985963101,0.0766690891861329,0.0275023960664885,NA,0.0209311763602905,0.212943352766095
"Garrulus glandarius","Eurasian jay","Forest","ABI",-0.51344273590405,-0.269468822349344,0.0442576068849881,0.0554027014763556,0.0616716717897454,0.138074710540834,NA,0.013437337118242,-0.0246591720521965,-0.0359600429021556,-0.0103482909069732,NA,NA,-0.0107560645958741,NA,0.0363993790766828,NA,NA,0.0107237141443275,0.286456948522614
"Gavia arctica","black-throated diver",NA,NA,NA,NA,NA,NA,NA,NA,NA,NA,NA,NA,NA,NA,NA,NA,NA,NA,NA,NA,NA,NA
"Gavia stellata","red-throated diver",NA,NA,NA,NA,NA,NA,NA,NA,NA,NA,NA,NA,NA,NA,NA,NA,NA,NA,NA,NA,NA,NA
"Grus grus","common crane",NA,"ABI",-0.123398710772967,-1.01493812331861,NA,0.0822763320068728,0.222235535259376,0.421021628612888,-0.0842117312546114,NA,NA,-0.0644395175363008,NA,0.0418019672514808,NA,NA,NA,0.0259632489097263,0.041508018010275,NA,NA,0.252887659602965
"Gyps fulvus","Eurasian griffon vulture",NA,NA,NA,NA,NA,NA,NA,NA,NA,NA,NA,NA,NA,NA,NA,NA,NA,NA,NA,NA,NA,NA
"Haematopus ostralegus","Eurasian oystercatcher",NA,"ABI",0.291145970169646,0.0785130572290177,-0.648868720592923,0.0972532398735543,-0.371391284854355,-0.363154225894983,0.0216992691700488,-0.0726930214055781,0.0124236638594151,NA,-0.0112855731513862,NA,-0.0573509403500322,-0.0226265927198318,0.102122152732267,-0.131031320543152,-0.0295114921849938,-0.0110167681264875,0.111951252946474,0.300642597296947
"Haliaeetus albicilla","white-tailed eagle",NA,NA,NA,-0.896842363583349,0.391259707982891,NA,0.155994215807956,-0.303053689229465,NA,-0.0800948548978572,NA,NA,NA,NA,0.16679077221978,NA,NA,NA,0.115852804755744,NA,NA,0.179393802139854
"Hieraaetus pennatus","booted eagle",NA,NA,NA,NA,NA,NA,NA,NA,NA,NA,-0.129642527713696,NA,NA,0.0959796713053351,NA,NA,NA,0.096123508661156,NA,NA,NA,0.157042100107139
"Himantopus himantopus","black-winged stilt",NA,NA,NA,NA,1.05149313118634,NA,-0.321190618622254,-0.190642740557939,NA,NA,NA,NA,0.137136145214035,0.121022746876751,0.154074277014832,NA,NA,NA,0.118560889321819,NA,NA,0.269326613599782
"Hippolais icterina","Icterine warbler",NA,"ABI",0.652598791547798,0.5318319807009,0.182202164609324,NA,NA,0.0554945611471374,-0.0350632602931693,0.0280608953908911,-0.0296279837839572,-0.0342083018058395,NA,NA,NA,-0.0346625731038158,0.0480137597426892,NA,NA,NA,-0.0352172788191833,0.176625557878262
"Hippolais polyglotta","melodious warbler",NA,"ABI",NA,NA,NA,NA,NA,NA,NA,NA,NA,NA,NA,NA,NA,NA,NA,NA,NA,NA,NA,NA
"Hirundo rustica","barn swallow","Farmland","ABI",0.542422363834338,0.189576523258962,0.326704528299313,NA,0.0361525395245832,0.141074342792218,0.0100451832115833,NA,0.00867869018194738,0.0128963409557659,NA,NA,NA,NA,NA,0.0186011472801031,NA,-0.00725235624400531,NA,0.218202699863148
"Jynx torquilla","Eurasian wryneck",NA,"ABI",-0.056772836862195,NA,0.0560194316423975,0.076427360083915,0.112635055925931,0.0645835892365105,NA,-0.027930962334281,0.0404757597868872,0.045668897819763,NA,0.0373154361744152,0.0431150458154723,0.0755374863611077,0.0620165461671653,0.0470672901018553,-0.0222227311824249,NA,0.0292375451434577,0.208401659658885
"Lagopus lagopus","willow ptarmigan",NA,NA,NA,-2.10877453584985,NA,-0.400649418260475,-0.150138072758184,-1.25992083505448,NA,-0.0660660333579191,0.0384511499636197,-0.061827419912066,NA,0.0483808375205485,0.0607253260403011,NA,-0.0843695479476833,NA,NA,NA,NA,0.418452302407845
"Lagopus muta","rock ptarmigan",NA,NA,NA,NA,NA,-0.155396764575559,-0.381087535362726,-0.812206003827422,NA,NA,NA,NA,NA,NA,NA,NA,NA,NA,NA,NA,-0.0762171948615829,0.176092720885648
"Lanius collurio","red-backed shrike","Farmland","ABI",-0.037561795188941,-0.347247624105295,-0.340642938785403,-0.0759893143873942,0.135331259218311,0.187970530081151,NA,NA,NA,0.0142786603601717,NA,0.0295388384953979,NA,0.0355660818713438,0.0260551275022219,0.0299461341355215,NA,NA,0.0413733455008314,0.211928734376473
"Lanius excubitor","great grey shrike",NA,NA,NA,NA,NA,NA,NA,NA,NA,NA,NA,NA,NA,NA,NA,NA,NA,NA,NA,NA,NA,NA
"Lanius meridionalis","Iberian grey shrike",NA,NA,0.353773775968833,NA,0.287621184819982,0.381358892012044,NA,NA,NA,-0.0962799045146661,-0.0666042576823857,NA,0.0415026506154977,NA,NA,NA,-0.0726845816695938,NA,-0.105648849474017,NA,NA,0.186775907044179
"Lanius minor","lesser grey shrike","Farmland","ABI",NA,NA,NA,NA,NA,NA,NA,NA,NA,NA,NA,NA,NA,NA,NA,NA,NA,NA,NA,NA
"Lanius senator","woodchat shrike","Farmland","ABI",-0.191665666395432,-1.13906104917964,0.153810034965626,-0.28478609504734,0.126244860329491,0.0853326999852538,NA,NA,-0.0837729270835788,NA,NA,NA,NA,-0.0613477783870748,0.0368703666068999,NA,-0.138936974240458,NA,NA,0.269823491713718
"Larus argentatus","European herring gull",NA,NA,NA,NA,NA,NA,NA,NA,NA,NA,NA,NA,NA,NA,NA,NA,NA,NA,NA,NA,NA,NA
"Larus canus","common gull",NA,NA,0.513190039095649,0.416313306432482,0.518555656839343,NA,0.0762698289762229,-0.128404235570568,0.0656650390724167,NA,0.04596455085926,0.0481026619026415,NA,NA,NA,NA,NA,NA,NA,NA,NA,0.168111586833778
"Larus fuscus","lesser black-backed gull",NA,NA,NA,NA,NA,NA,NA,NA,NA,NA,NA,NA,NA,NA,NA,NA,NA,NA,NA,NA,NA,NA
"Larus marinus","great black-backed gull",NA,NA,NA,NA,NA,NA,NA,NA,NA,NA,NA,NA,NA,NA,NA,NA,NA,NA,NA,NA,NA,NA
"Larus michahellis","yellow-legged gull",NA,NA,NA,NA,1.21865375353469,0.187740873813411,NA,-0.372058543787074,NA,NA,NA,NA,-0.0639476897147755,NA,0.0727209995323037,0.087979099579707,NA,NA,NA,NA,NA,0.192117960973943
"Larus ridibundus","black-headed gull",NA,"ABI",NA,NA,NA,NA,NA,NA,NA,NA,NA,NA,NA,NA,NA,NA,NA,NA,NA,NA,NA,NA
"Leiopicus medius","middle spotted woodpecker",NA,NA,-0.490877666374301,-0.252164218663555,0.538190325372338,-0.495407532846393,-0.226577351737757,NA,NA,NA,NA,NA,NA,NA,0.0677584157493543,0.0522680886181618,NA,-0.0710250276987649,-0.0668085076529802,NA,-0.0633801713840086,0.192931380394615
"Limosa limosa","black-tailed godwit","Farmland","ABI",NA,NA,9.49170425320568,-0.610636690922532,-0.573696613797651,0.109360074811769,-0.150627844391881,-0.146658944417819,-0.12390022794149,-0.0670892887943465,NA,NA,NA,NA,0.364914600441307,-0.439000031499284,-0.227944938850956,-0.0935148005839929,-0.0951738877506881,0.39830205090664
"Linaria cannabina","common linnet","Farmland","ABI",NA,NA,NA,NA,NA,NA,NA,NA,NA,NA,NA,NA,NA,NA,NA,NA,NA,NA,NA,NA
"Locustella fluviatilis","river warbler",NA,"ABI",-0.116168423599103,NA,NA,0.13647946300909,0.309967863481605,0.405060246130951,NA,NA,NA,NA,NA,0.0933186890813187,NA,NA,NA,NA,-0.0952468523804189,NA,-0.0543064856020724,0.229027129339634
"Locustella luscinioides","Savi's warbler",NA,NA,NA,NA,NA,NA,0.0991308846905611,0.338599734885135,-0.085348026495507,-0.128445367905044,NA,-0.0719863877277555,-0.211006448378491,NA,0.18592475558079,0.281629523144295,NA,NA,NA,NA,0.0836016851900978,0.378968691803805
"Locustella naevia","common grasshopper warbler",NA,"ABI",0.200215377541953,NA,NA,0.0804777012811294,0.112945508953925,0.0737780766303542,NA,NA,-0.0269147328317816,-0.0426750798742367,-0.0255776430316971,NA,NA,NA,NA,NA,-0.079231819740946,0.115482395098085,-0.0287320526675617,0.314865151397913
"Lophophanes cristatus","crested tit","Forest","ABI",-0.808234020964654,-0.902718150545407,-0.112812020587587,-0.03077547027069,-0.182726764764484,-0.179460732792503,-0.0558237341399107,0.0288343102881076,NA,NA,-0.0250018323662223,NA,-0.0249061839713362,-0.0542178700755626,NA,NA,NA,NA,NA,0.332959417676502
"Loxia curvirostra","red crossbill",NA,NA,-0.668374655475087,-0.736949612219691,-0.376351135850106,0.122513565414442,-0.0506519146578622,-0.128532990994268,NA,NA,NA,NA,NA,NA,-0.0305864044019008,-0.0470315543657109,NA,NA,NA,NA,NA,0.167481108107209
"Loxia pytyopsittacus","parrot crossbill",NA,NA,NA,NA,NA,NA,NA,NA,NA,NA,NA,NA,NA,NA,NA,NA,NA,NA,NA,NA,NA,NA
"Lullula arborea","woodlark",NA,"ABI",-0.359476136020372,-0.848602057103596,-0.0796464919827121,-0.217120201133647,0.0865550973658489,-0.188650022195726,-0.0452620399124956,NA,-0.0433104501307283,-0.0424056924962466,0.0126239776840177,NA,-0.035718752541046,-0.0508383104749289,NA,NA,NA,NA,-0.018906668819174,0.256554982746133
"Luscinia luscinia","thrush nightingale",NA,"ABI",0.792643394988986,0.787360577133753,NA,-0.761745792936752,0.296235685907758,0.296082032133393,NA,0.0330887642011674,NA,NA,NA,NA,NA,NA,0.0469365095723932,NA,NA,0.0462858178178531,NA,0.444178867673347
"Luscinia megarhynchos","common nightingale",NA,"ABI",0.281423370122719,0.0450722727774927,0.121358139732903,-0.289301284867128,0.132087889848781,NA,NA,NA,-0.0238487674043749,NA,NA,-0.0194503836580595,NA,NA,0.0129905149958225,0.031707160590724,NA,0.0121494824109537,NA,0.309894705221648
"Lyrurus tetrix","black grouse",NA,"ABI",NA,NA,NA,NA,NA,NA,NA,NA,NA,NA,NA,NA,NA,NA,NA,NA,NA,NA,NA,NA
"Mareca penelope","Eurasian wigeon",NA,NA,NA,NA,NA,NA,NA,NA,NA,NA,NA,NA,NA,NA,NA,NA,NA,NA,NA,NA,NA,NA
"Mareca strepera","gadwall",NA,NA,-0.154648981419978,NA,-0.313209934196559,-0.333929765863544,0.211939843235866,0.456953469948428,NA,NA,-0.0381975854981395,-0.0960884298475524,NA,NA,-0.0928307210729257,NA,NA,0.0787676627743078,NA,NA,0.0866402674594341,0.300715620476274
"Melanocorypha calandra","calandra lark","Farmland","ABI",1.08575953765256,NA,-0.479570086935785,-0.534324670030172,-0.308661131318546,-0.294777867755704,-0.105726875324934,NA,-0.0439695401915519,-1.66054936891856,0.0744498676764985,NA,NA,NA,NA,NA,NA,NA,NA,0.237554916683927
"Mergus merganser","common merganser",NA,NA,NA,NA,NA,NA,NA,NA,NA,NA,NA,NA,NA,NA,NA,NA,NA,NA,NA,NA,NA,NA
"Mergus serrator","red-breasted merganser",NA,NA,NA,-1.23998588539931,NA,NA,NA,-0.337123053323402,NA,NA,NA,NA,NA,NA,NA,NA,NA,NA,NA,NA,NA,0.197042277309077
"Merops apiaster","European bee-eater",NA,"ABI",0.2869315319431,-0.239288273390109,0.412626250662108,-0.214558304792834,0.137967022427634,NA,-0.0427025653629271,NA,-0.0615287092001375,NA,NA,NA,NA,NA,NA,0.0577990414472886,NA,NA,NA,0.179823370758017
"Milvus migrans","black kite",NA,NA,0.441464850788581,0.464204786168118,0.376010272304856,0.0596459252374412,NA,NA,-0.0829218294239816,-0.0367106010546701,-0.0720001343477755,-0.0498628107912669,NA,NA,NA,NA,NA,0.125164690370042,-0.0612001022635746,NA,NA,0.289317800908614
"Milvus milvus","red kite",NA,NA,0.401787753611507,NA,-0.149171770996095,0.105716738577437,0.106447628387843,0.366522838321646,NA,-0.0562116605897839,-0.0622759469545706,-0.0832998112212537,NA,0.0878925096951608,0.0683740598624849,NA,0.0506042082094579,NA,-0.131406473311158,0.0847997071622125,NA,0.186332542401212
"Monticola saxatilis","common rock thrush",NA,NA,-0.268027177140816,NA,-0.293637141572821,NA,NA,0.264174052832029,NA,NA,NA,NA,NA,NA,NA,NA,NA,NA,-0.0473513731376394,NA,NA,0.167602941225881
"Monticola solitarius","blue rock thrush",NA,NA,-0.467207985791447,-0.556130145438446,0.358284214688677,0.246847329641381,0.216964499579928,-0.204821696554666,NA,NA,NA,NA,NA,NA,-0.194471497516704,-0.173173013688223,NA,NA,0.0700847001971999,0.112621770146058,NA,0.262563308859155
"Motacilla alba","white wagtail",NA,"ABI",0.249377047112606,0.17601494664321,NA,0.180633871397879,0.145392449020574,0.145367426422338,0.0104786325838415,NA,NA,-0.0096413090100086,NA,NA,NA,NA,-0.0113406703910898,NA,NA,-0.0146951026773584,0.0113706988312446,0.243132137561912
"Motacilla cinerea","grey wagtail",NA,"ABI",NA,NA,NA,NA,NA,NA,NA,NA,NA,NA,NA,NA,NA,NA,NA,NA,NA,NA,NA,NA
"Motacilla flava","western yellow wagtail","Farmland","ABI",0.869461412278622,0.386373107738254,NA,-0.123960580806938,-0.278975437808653,-0.124548501495743,NA,NA,-0.0490006866482684,NA,NA,NA,NA,NA,NA,NA,NA,NA,0.0300242623392995,0.262821587035827
"Muscicapa striata","spotted flycatcher",NA,"ABI",-0.0479191094339924,NA,0.225795336051828,0.186043804156055,0.0262578112974792,0.106003358506921,NA,NA,NA,NA,NA,NA,-0.0255188382146439,-0.0453476798216425,0.028336592071479,0.0369486878612681,NA,NA,-0.0186584841633585,0.307321718989358
"Neophron percnopterus","Egyptian vulture",NA,NA,NA,NA,NA,NA,NA,NA,NA,NA,NA,NA,NA,NA,NA,NA,NA,NA,NA,NA,NA,NA
"Nucifraga caryocatactes","northern nutcracker","Forest","ABI",-0.603567880871554,-0.910719061956823,-0.387902343118984,-0.320520544267494,-0.212129601918207,-0.341315355176813,-0.0851234559912372,0.0342722605920413,NA,NA,0.0465155978152211,NA,NA,-0.119430983700323,NA,NA,NA,NA,NA,0.474120235680915
"Numenius arquata","Eurasian curlew",NA,"ABI",0.60696996498978,-0.636522901307384,-0.899852633676974,0.332430466199152,NA,-0.244895040117658,NA,NA,NA,0.0360590974544838,NA,0.0329957095211181,NA,0.0312512397080626,NA,-0.0738375934532281,NA,NA,0.0734996876302934,0.339091964474172
"Numenius phaeopus","common whimbrel",NA,"ABI",NA,NA,NA,0.164311171510372,-0.0742173020728379,-0.308270907236919,NA,-0.0626641353042056,-0.154631187598218,NA,0.06106972949001,NA,NA,NA,0.0745435987612408,NA,NA,-0.119071426263476,-0.0689145216712036,0.179896528771094
"Nycticorax nycticorax","black-crowned night heron",NA,NA,0.242737834008353,-0.53251102027942,1.01312695437095,NA,-0.427937716994213,-0.93204181636972,NA,-0.0943557409366388,0.0781028250314434,-0.0914339653453254,NA,NA,NA,NA,NA,0.112813767379514,NA,-0.0640042368813998,NA,0.453135491021512
"Oenanthe hispanica","western black-eared wheatear","Farmland","ABI",NA,-2.02929618614428,NA,NA,0.102140591905678,-0.834746606612249,0.106482206664365,-0.0483229867443502,NA,0,0.0537830303354425,NA,NA,NA,NA,NA,-0.254774426304895,NA,NA,0.255332736906602
"Oenanthe oenanthe","northern wheatear",NA,"ABI",0.383412579308952,0.127997354252464,-0.439383140272788,0.0758321049365336,-0.263505289023653,-0.257980390644693,NA,-0.020343341348271,-0.0235486204491537,0.024831460219994,NA,NA,-0.0405002922437457,NA,-0.0512605392684343,NA,NA,NA,NA,0.39137028922477
"Oriolus oriolus","Eurasian golden oriole",NA,"ABI",NA,-0.308255455701166,0.241619291368121,-0.16436720215875,0.195749965011056,0.151962630780725,NA,-0.0105795334736451,0.0169742506688621,-0.0205027237518509,NA,NA,NA,0.0258828307180148,NA,NA,NA,NA,0.0260163478742645,0.190068153068077
"Otus scops","Eurasian scops owl",NA,NA,NA,NA,NA,NA,NA,NA,NA,NA,NA,NA,NA,NA,NA,NA,NA,NA,NA,NA,NA,NA
"Pandion haliaetus","osprey",NA,NA,NA,NA,NA,NA,NA,NA,NA,NA,NA,NA,NA,NA,NA,NA,NA,NA,NA,NA,NA,NA
"Panurus biarmicus","bearded reedling",NA,NA,NA,NA,5.10182339415025,NA,NA,0.298536724067511,-0.136834069398211,-0.31731331449785,NA,-0.295398279037619,0.253704514702202,NA,NA,0.287843676040645,NA,0.405278544430685,-0.687776886676697,NA,-0.326988962298294,0.381399196944585
"Parus major","great tit",NA,"ABI",-0.247662311593084,0.0605513953597383,0.278807338658394,0.0726367089695401,0.131227206516843,0.0831909150799131,NA,NA,-0.00538274385925411,NA,0.00578241200676647,-0.0105655613376374,-0.00689361454201078,-0.0124242023343287,0.0138651018154313,0.0182679383505045,NA,-0.00593047317455294,NA,0.434881759948287
"Passer domesticus","house sparrow",NA,"ABI",NA,NA,NA,NA,NA,NA,NA,NA,NA,NA,NA,NA,NA,NA,NA,NA,NA,NA,NA,NA
"Passer hispaniolensis","Spanish sparrow",NA,NA,0.470383163315597,NA,NA,NA,0.164664867136696,NA,NA,NA,NA,NA,NA,NA,NA,0.175802289408176,0.0702136041794251,-0.177736431033887,NA,NA,NA,0.341712628443421
"Passer italiae","Italian sparrow",NA,NA,NA,NA,NA,NA,NA,NA,NA,NA,NA,NA,NA,NA,NA,NA,NA,NA,NA,NA,NA,NA
"Passer montanus","Eurasian tree sparrow","Farmland","ABI",0.599330448693318,0.631827237638339,0.280436457778446,0.0278637639764084,NA,0.0483777549942917,NA,-0.0149904529525225,0.0162298143218664,0.0178533721249129,NA,-0.0223454495117807,NA,-0.0420308927631476,0.0252872485501205,NA,-0.0279720327615674,0.0186622811202627,-0.0167042888409276,0.207298210046462
"Perdix perdix","grey partridge","Farmland","ABI",0.487458362754235,0.468733619032692,-0.238944991398135,-0.388233341103727,-0.27548244581745,-0.119902894357663,NA,NA,NA,NA,NA,0.287553343771212,0.35140799311986,0.328842336165953,NA,-0.0409507551246323,NA,0.0351629548235378,0.0445093309721807,0.162361802310661
"Periparus ater","coal tit","Forest","ABI",-0.809742431167511,-0.919689948318316,-0.258600007306135,0.129336758923563,-0.0295104513210546,0.0766496658484468,NA,NA,-0.0324602763018288,-0.0322599266457596,NA,-0.020137798106187,-0.0363619105671242,-0.0636141163796611,-0.0195396373173825,-0.0363082863753331,NA,NA,0.0137066736174934,0.449836876719917
"Perisoreus infaustus","Siberian jay",NA,NA,NA,NA,-0.429468921250036,NA,-0.17047312466857,-0.368079745238865,NA,NA,NA,NA,NA,NA,NA,0,NA,NA,NA,NA,NA,0.152828344850554
"Pernis apivorus","European honey buzzard",NA,NA,NA,NA,NA,NA,NA,NA,NA,NA,NA,NA,NA,NA,NA,NA,NA,NA,NA,NA,NA,NA
"Petronia petronia","rock sparrow","Farmland","ABI",0.593511294251687,NA,-0.59854374145352,NA,0.0594357926684012,NA,NA,-0.113073084108819,-0.0921968203959069,NA,NA,0.0893049603518691,0.0816576280836721,NA,0.0858356355410441,NA,-0.113508564898465,NA,NA,0.227345679170708
"Phalacrocorax carbo","great cormorant",NA,NA,NA,-0.514521229568426,0.81188045213168,-0.175861300536657,0.175221620941702,-0.625637478244167,NA,NA,0.04213565403838,NA,NA,NA,NA,-0.101700421052644,-0.0492649583286202,NA,NA,-0.077055158289464,NA,0.180819888750501
"Phasianus colchicus","common pheasant",NA,"ABI",0.518756765750613,0.269039261564479,0.484840755080217,-0.0527842313857286,0.0882656990364638,0.369711603321574,NA,NA,-0.0146411014904848,NA,NA,NA,0.0369489614221417,NA,NA,-0.0271702639433663,-0.0404736915700533,NA,0.0119311417554022,0.22603887544847
"Phoenicurus ochruros","black redstart",NA,"ABI",0.163202236114067,0.518799549138574,-0.0881508824017518,NA,0.0891388136206405,-0.0380968966042871,NA,-0.0320920694846733,NA,NA,NA,0.0141540354108151,NA,NA,NA,NA,NA,NA,-0.0296348343450567,0.474133895972353
"Phoenicurus phoenicurus","common redstart","Forest","ABI",-0.152443151004023,-0.101849172514156,0.266589502963451,0.0966712073444249,-0.0500020737636171,-0.320809261726009,NA,-0.0194423056448203,-0.0436147329084408,-0.0633659851257759,NA,0.0440583283038798,0.0213642575035347,-0.0252990038060128,NA,0.0610844383280084,NA,NA,-0.0157396399490743,0.32293253360663
"Phylloscopus bonelli","western Bonelli's warbler","Forest","ABI",-0.408015488915056,-0.640598028993478,-0.625476537552032,-0.237534995479669,0.129703560888119,0.195104311216961,NA,-0.0243733927463162,NA,NA,-0.0230247734220805,0.030788513392908,NA,NA,NA,NA,NA,-0.0222763832702905,NA,0.268202776224724
"Phylloscopus collybita","common chiffchaff","Forest","ABI",-0.295053637971829,-0.201932886239552,0.0577772183958161,0.0940747025247324,0.116018992686955,0.160267156200842,-0.0234293679345591,NA,-0.0284454384087837,-0.0309982984408435,0.01973352763257,-0.0150473812033513,0.0196858543488397,NA,0.00667115387212402,-0.0156304866447643,-0.00986109577624603,0.00922891937297048,0.0121506836032371,0.452957541858602
"Phylloscopus ibericus","Iberian chiffchaff",NA,NA,-0.32864343184516,-0.928325106183625,NA,-0.511710655157544,0.0972689591708917,0.271363542350571,NA,NA,NA,NA,0.0363571461848822,NA,NA,NA,NA,NA,NA,NA,NA,0.345845666878812
"Phylloscopus sibilatrix","wood warbler","Forest","ABI",-0.804515797794578,-0.489550056110831,NA,NA,-0.165078875542116,NA,0.0776372306511491,0.0218426042359151,NA,0.0341554913005969,-0.0260684365383923,NA,NA,-0.0267191937787856,0.0327825500132972,NA,0.0262387920636303,NA,0.0167570406573275,0.382146479583729
"Phylloscopus trochiloides","greenish warbler",NA,NA,NA,NA,NA,NA,NA,NA,NA,NA,NA,NA,NA,NA,NA,NA,NA,NA,NA,NA,NA,NA
"Phylloscopus trochilus","willow warbler",NA,"ABI",-0.510224929958141,-0.863609247237182,0.0340924212267479,0.110009750090369,0.0511886037396756,-0.0816234711967661,-0.0277681282720091,NA,NA,NA,0.0103970941056435,-0.0108134159915637,NA,-0.0237181689758436,-0.0160199303347992,NA,0.0167485654366526,NA,NA,0.530740910460758
"Pica pica","Eurasian magpie",NA,"ABI",0.392987584892621,0.909605635632747,0.436039868868734,-0.0708493756106686,0.0354367535755007,-0.221785661269228,NA,-0.0159892870825857,NA,0.0139083363368153,0.0149523371311611,0.0125343059361723,NA,0.0162911076295076,-0.00657151647548849,NA,-0.00971749513647772,NA,NA,0.272317819759366
"Picoides tridactylus","Eurasian three-toed woodpecker",NA,NA,NA,NA,NA,NA,NA,NA,NA,NA,NA,NA,NA,NA,NA,NA,NA,NA,NA,NA,NA,NA
"Picus canus","grey-headed woodpecker","Forest","ABI",NA,NA,NA,NA,NA,NA,NA,NA,NA,NA,NA,NA,NA,NA,NA,NA,NA,NA,NA,NA
"Picus viridis / Picus sharpei","European green woodpecker",NA,NA,NA,0.032536286245187,0.165969028158104,-0.0231480210144772,0.203920356928189,0.0573190650637633,NA,NA,-0.027275363538055,NA,NA,0.0113070308802736,NA,0.0238919141870088,-0.026851787213439,0.0944585354951777,-0.0095287105502853,NA,NA,0.226393892264208
"Pluvialis apricaria","European golden plover",NA,"ABI",NA,NA,-0.973364705753714,-0.109714896153218,-0.199876089117409,-0.699529266224668,NA,-0.0549348262541325,NA,-0.104089413090716,NA,NA,NA,0.237638292376164,-0.0857818047858817,NA,-0.0794029512560805,-0.0465940362109564,NA,0.4572539783244
"Podiceps cristatus","great crested grebe",NA,"ABI",NA,0.171374293708609,-0.2524241355889,-0.242556272146076,0.22444134182784,NA,NA,-0.0689792089217742,NA,-0.0683921482731759,NA,NA,NA,NA,0.0688019198431881,0.0753072260530525,NA,NA,NA,0.160711134522452
"Podiceps grisegena","red-necked grebe",NA,NA,NA,0.660792843252989,NA,-1.71714412604632,0.284535598453394,0.740025243090393,NA,NA,NA,0.122550226796429,-0.285826623259482,NA,NA,NA,-0.173255038634133,NA,NA,NA,NA,0.168785410971289
"Poecile montanus","willow tit","Forest","ABI",-0.308012535594939,-0.723763179750053,-0.445225828107704,-0.153289055626604,-0.0613356603209838,-0.297529612241437,-0.0239486839342878,0.0507956978719918,NA,0.0308874208430734,-0.0252015347582487,0.0196987318475622,0.0308706177615463,-0.0562046006625969,-0.0910257429766639,-0.0423998272310866,-0.0237569858681591,NA,NA,0.349506719518435
"Poecile palustris","marsh tit","Forest","ABI",-0.541103027448009,-0.357749325211456,0.222955749294643,0.204513276349056,-0.0359567541839084,0.257523665802035,-0.0200614936955999,0.0147366740772783,NA,-0.0213721662780376,NA,NA,NA,-0.0273685315045193,-0.0179156241180268,0.0489396805410482,NA,NA,NA,0.321895867575856
"Porzana porzana","spotted crake",NA,NA,NA,NA,NA,NA,NA,NA,0.338277427200772,NA,NA,NA,NA,NA,NA,NA,NA,NA,-0.561051818631354,NA,-0.316867000456035,0.260925648476549
"Prunella modularis","dunnock",NA,"ABI",NA,-0.0954809777758017,-0.183679867644463,-0.0439462094704274,0.0194739265073113,-0.307545912944763,NA,-0.00810099054303254,-0.0175850618674588,-0.0160705201259191,0.00942011352353916,-0.0119382572399208,NA,NA,NA,-0.0236165625152895,-0.0357645412542651,NA,NA,0.295507480760175
"Psittacula krameri","rose-ringed parakeet",NA,NA,0.801212233670314,0.91527246609926,4.3650004104683,-0.680793372436932,0.299782540184473,-0.843637602833197,NA,-0.0744135337531477,NA,NA,NA,-0.0199147409079577,NA,0.0196808866398691,0.212043264795717,-0.865569080816013,0.138328645748187,NA,-0.107603205231102,0.373135638187024
"Ptyonoprogne rupestris","Eurasian crag martin",NA,"ABI",NA,NA,NA,NA,NA,NA,NA,NA,NA,NA,NA,NA,NA,NA,NA,NA,NA,NA,NA,NA
"Pyrrhocorax graculus","Alpine chough",NA,NA,NA,-2.08951366803252,NA,NA,0.220836323450482,-0.556712961565932,NA,NA,NA,NA,NA,-0.137399079452999,-0.20680273802961,NA,-0.198709696868237,-0.229938825860906,NA,NA,-0.095082806966786,0.184535497202386
"Pyrrhocorax pyrrhocorax","red-billed chough",NA,"ABI",-0.368742438300493,-1.06076898477495,NA,NA,0.0916735316179789,-0.206871022848844,NA,NA,-0.101605598798512,0.250389134286702,NA,0.104958148391227,NA,NA,NA,NA,NA,NA,NA,0.183613950850267
"Pyrrhula pyrrhula","Eurasian bullfinch","Forest","ABI",-0.422780275734193,-0.441148817213744,-0.124134260018569,0.104459210439152,-0.0415237019729768,-0.194225498811357,0.0191966727935078,NA,-0.0651546963118491,-0.0285736969117703,NA,-0.0172239315594518,-0.0245045757494125,-0.0169162812966972,NA,0.0146730484664103,0.0215545334590326,NA,0.0233203684889021,0.169201342474631
"Rallus aquaticus","water rail",NA,NA,NA,NA,NA,NA,-0.383159255232503,0.206627292634308,NA,NA,-0.0688777882994879,0.0732944487940734,-0.0977941106415661,NA,0.144568031595788,0.164982859886204,NA,NA,NA,NA,0.13183971621645,0.355295906200694
"Recurvirostra avosetta","pied avocet",NA,NA,-1.48413770166874,-1.8858616839829,NA,-1.71165320790632,NA,0.469478303697688,NA,NA,NA,NA,NA,NA,NA,-0.433732587995658,NA,NA,-0.478035818074904,-0.278221982051242,NA,0.272950423066381
"Regulus ignicapilla","common firecrest","Forest","ABI",-0.668515922763643,-0.5272182100597,NA,0.172939576628078,-0.0678756373144179,0.241640287203387,NA,NA,0.0396325731691918,0.0302226366627429,NA,NA,NA,-0.029446711116941,0.0229791902959452,NA,-0.0105708265037928,NA,NA,0.443717452860479
"Regulus regulus","goldcrest","Forest","ABI",-0.771952687637287,-0.877824366928135,-0.138877692544622,0.150180778400033,-0.0349869079252894,0.0839453015984413,NA,0.0199519220877679,-0.034438206086009,-0.0314955092848754,NA,-0.0152720573780231,-0.036744170200071,-0.0589555733442761,0.0142506664929168,-0.0399448330684078,NA,-0.0184977421623249,NA,0.371379179967168
"Remiz pendulinus","Eurasian penduline tit",NA,NA,0.463087076452604,1.01920203735549,0.397375928839405,NA,NA,0.26145633617088,-0.0841785434135821,0.0931782856343455,-0.0817423596228414,NA,0.0938873349538773,-0.136790933026832,-0.172172560752193,-0.199301811255316,0.121178061210852,-0.13622489246029,0.0843571966187522,0.11199463287812,0.147260679030025,0.351742760653407
"Riparia riparia","sand martin",NA,NA,NA,NA,NA,NA,NA,NA,NA,NA,NA,NA,NA,NA,NA,NA,NA,NA,NA,NA,NA,NA
"Saxicola rubetra","whinchat","Farmland","ABI",0.270084619729207,-0.335915145844743,-0.501122759876462,0.26871854338032,0.166833412099129,0.146004669372075,NA,NA,NA,NA,NA,NA,-0.024399172796613,NA,NA,NA,NA,0.0464384940608805,NA,0.353396336433984
"Saxicola torquatus","common stonechat","Farmland","ABI",0.0415866704611706,-0.144098260741111,-0.0669051604033276,0.0979754479416916,0.0756606823825743,0.079173636150526,0.0248121457930103,NA,-0.018984815545545,NA,0.0177227554046676,NA,NA,NA,0.0434892570772923,NA,-0.0509616841209094,0.0390703658199867,NA,0.210845094878897
"Scolopax rusticola","Eurasian woodcock",NA,NA,-0.130536366548056,0.422664451705299,NA,0.161126366412831,NA,0.150409798153721,-0.136677906061685,NA,-0.162402369024375,NA,NA,0.06355366534506,NA,NA,NA,NA,0.0661270319627445,NA,NA,0.192196817973106
"Serinus serinus","European serin","Farmland","ABI",0.0368061494503019,0.28925252374419,0.26260144892008,-0.162073919045488,0.19773909041409,-0.0535657781444298,NA,-0.0235674349569207,-0.0153783697401866,-0.0209552145266099,0.0114779034833981,NA,0.02630162009683,NA,NA,NA,-0.0116238140683938,NA,NA,0.425073430908552
"Sitta europaea","Eurasian nuthatch","Forest","ABI",-0.568460845098819,-0.204413453147089,0.0547994965926652,0.0583571119720092,NA,0.192663778733943,NA,-0.018819560298135,NA,-0.0286704120246161,NA,0.0160555986942366,0.0151283588960497,NA,NA,0.0191831305749647,0.0257452323234802,NA,0.0106424546179331,0.342896432311058
"Somateria mollissima","common eider",NA,NA,-2.91981241627507,-2.5832463344111,3.2707944457501,NA,NA,NA,NA,NA,NA,NA,NA,NA,NA,-0.364985449127809,NA,NA,NA,NA,NA,0.496440100114989
"Spatula clypeata","northern shoveler",NA,NA,NA,NA,1.26939106865564,-0.949313745043325,-0.187397531506674,0.609264380597076,NA,-0.225316854511987,NA,NA,NA,NA,NA,NA,-0.194669753657062,NA,NA,-0.104590483895248,NA,0.342455929794569
"Spatula querquedula","garganey",NA,NA,NA,NA,NA,NA,NA,NA,NA,NA,NA,NA,NA,NA,NA,NA,NA,NA,NA,NA,NA,NA
"Spinus spinus","Eurasian siskin","Forest","ABI",-0.859592453052188,-0.969287947466435,0.0707051544753347,0.190688775337644,-0.0239563258376848,-0.103428961774318,NA,0.0157526282417783,NA,-0.0345870470445602,-0.0192119975646716,NA,NA,NA,NA,NA,NA,0.0158278567806799,NA,0.539222608409999
"Sterna hirundo","common tern",NA,NA,NA,NA,-0.372756141737501,-0.398593466152285,NA,-0.0961910224547955,NA,NA,0.0762211330449832,0.0889299691544143,NA,NA,NA,NA,NA,NA,NA,NA,NA,0.172561317845837
"Sterna paradisaea","Arctic tern",NA,NA,NA,-2.18201232262214,NA,-0.616577832303291,NA,-1.10951005378011,NA,NA,NA,0.278023366423233,NA,NA,NA,NA,0.268863923456864,NA,0.205475436777998,NA,-0.132645263445092,0.262965330025608
"Streptopelia decaocto","Eurasian collared dove",NA,"ABI",0.471738761445629,0.848104207384693,0.632929657845613,-0.0549794708470309,NA,-0.0926680315421942,-0.0314300354716571,NA,0.0183075475605396,NA,NA,NA,NA,NA,-0.0256855409458137,0.0586803564728766,0.0668040925796644,NA,0.015537778006303,0.234841088335426
"Streptopelia turtur","European turtle dove","Farmland","ABI",-0.0885488769441169,-0.590085631602544,0.311757543495466,-0.147136630170039,0.0763059661078166,0.248206811601108,NA,NA,0.0240402224694437,-0.0162585452165875,0.0214801549083422,NA,NA,NA,NA,0.02220466330786,0.0549502516620336,NA,NA,0.300619222114803
"Strix aluco","tawny owl",NA,NA,NA,NA,NA,NA,NA,NA,NA,NA,NA,NA,NA,NA,NA,NA,NA,NA,NA,NA,NA,NA
"Sturnus unicolor","spotless starling","Farmland","ABI",0.244571902577236,NA,0.192111494421614,-0.26214943605872,NA,-0.064513153714664,NA,NA,-0.0319300892656058,NA,NA,0.0485978303102673,NA,NA,-0.0298794520307226,NA,NA,-0.0230022652768154,NA,0.245700877184461
"Sturnus vulgaris","common starling","Farmland","ABI",NA,NA,NA,NA,NA,NA,NA,NA,NA,NA,NA,NA,NA,NA,NA,NA,NA,NA,NA,NA
"Sylvia atricapilla","Eurasian blackcap",NA,"ABI",-0.243364563568071,-0.0299451688541683,0.0481840726708704,0.0976653825087595,0.118616511152741,0.192418703444363,-0.0246495312510673,NA,-0.0214905635797986,-0.0278004727166593,-0.0131269439704705,NA,NA,-0.019050477756046,0.00791042158987832,-0.0254177492930721,0.00608131942041233,0.00752202576417602,0.00639561150523076,0.519144606166872
"Sylvia borin","garden warbler",NA,"ABI",0.0765874547101951,NA,-0.445595577382579,-0.0598640696845745,0.0809325436458975,0.143059099665497,-0.0183256322742556,0.0296337241644449,-0.0137180131599086,-0.0304762675496125,NA,0.0227719990358606,0.0118070658934776,-0.0185300395875617,0.0112483843772894,NA,0.0227099690808319,0.0345701110535534,-0.0263736580933105,0.428313553461062
"Sylvia cantillans / Sylvia subalpina","subalpine warbler",NA,NA,-0.618158366412349,-1.31560373688836,-0.133451908367657,-0.316723356191436,0.0585821845283271,0.17070919666137,-0.0699425080778084,NA,0.0626412359747327,NA,0.0384539730344482,0.0608759989257465,NA,NA,NA,NA,NA,-0.0280508036796774,-0.0623959986467467,0.248748438719717
"Sylvia communis","common whitethroat","Farmland","ABI",0.481959612551982,0.0940068709136885,-0.131430623356221,-0.128381499836216,0.10614493759818,NA,0.0173353966836772,0.0214549366637017,NA,NA,NA,NA,0.0234965404211663,0.0287083594709569,NA,NA,-0.019597552098206,0.0168551321814122,0.0109510756381316,0.347342101252893
"Sylvia conspicillata","spectacled warbler",NA,NA,NA,NA,NA,NA,NA,NA,NA,NA,NA,NA,NA,NA,NA,NA,NA,NA,NA,NA,NA,NA
"Sylvia curruca","lesser whitethroat",NA,"ABI",0.285443946769793,0.160572064692593,-0.491401193063188,-0.206852748199741,0.0427211197764867,-0.27586668932207,0.0346409738315209,NA,-0.0234997413143531,-0.0380052427386986,NA,NA,0.038652294462545,0.0439344156908222,NA,-0.02860047064625,-0.031436124670964,NA,0.0162130320438857,0.250667699770802
"Sylvia hortensis","western Orphean warbler",NA,"ABI",-0.212518219789998,-1.43822830337385,0.403850950256972,0.555077017093268,0.0810483359686437,0.15125129634537,-0.116069435699633,NA,0.111703794549225,NA,0.0945863772099256,NA,NA,-0.0947800937070251,NA,NA,NA,0.0844466841535731,-0.0554319883579057,0.209128920950151
"Sylvia melanocephala","Sardinian warbler",NA,"ABI",-0.18433450711324,-0.42909264979618,0.575700649980751,-0.597391808640732,0.262167177177142,0.0498126066770838,0.00820185259792708,NA,-0.0221346469417174,-0.0524411417700347,0.0122516163330247,-0.0156565424454338,NA,-0.0149160270117709,NA,-0.0202879120844968,-0.0457117978690404,0.0250839625124963,-0.0246069054938521,0.390250816983149
"Sylvia nisoria","barred warbler",NA,"ABI",NA,NA,-0.837439255331415,-0.17899463390382,0.165495865445641,NA,NA,0.0567612671744607,NA,NA,-0.10619534616844,NA,NA,NA,-0.181812214049205,NA,-0.100625336341252,NA,-0.0526256921946262,0.231936738010405
"Sylvia undata","Dartford warbler",NA,"ABI",-0.644032346953983,-1.82172413956177,NA,-0.217216288858133,-0.136695190817216,-0.147018679611333,-0.0956149887050126,NA,-0.151017082389257,NA,0.0780757433957106,-0.0781255553520235,NA,-0.0855372429764456,NA,-0.0895283262434939,NA,0.0466687297146366,-0.0759607492067391,0.177627589734465
"Tachybaptus ruficollis","little grebe",NA,"ABI",NA,-0.403377649265679,0.162860390835,NA,0.103572762303825,-0.181490899278278,NA,NA,NA,-0.0490972464365244,0.0745174846003137,0.0698770207094494,0.0842284961369373,0.161973962316622,NA,NA,NA,NA,0.0568997819079778,0.212381672163803
"Tachymarptis melba","alpine swift",NA,NA,NA,NA,NA,NA,NA,NA,NA,NA,NA,NA,NA,NA,NA,NA,NA,NA,NA,NA,NA,NA
"Tadorna tadorna","common shelduck",NA,"ABI",NA,NA,NA,NA,NA,NA,NA,NA,NA,NA,NA,NA,NA,NA,NA,NA,NA,NA,NA,NA
"Tetrao urogallus","western capercaillie",NA,NA,NA,NA,NA,NA,NA,NA,NA,NA,NA,NA,NA,NA,NA,NA,NA,NA,NA,NA,NA,NA
"Tetrax tetrax","little bustard","Farmland","ABI",0.364620819158512,NA,NA,0.918391402549594,-0.231395303766258,-0.441416248713946,-0.0844399921897858,NA,NA,0,NA,NA,NA,NA,NA,NA,NA,NA,NA,0.357574771646638
"Tringa glareola","wood sandpiper",NA,"ABI",-0.550448551485644,-2.13380044512859,-0.734152415566488,0.239293853011639,0.266322205686844,-0.319984924390474,NA,NA,NA,-0.126391947175857,NA,0.0984953564396033,NA,NA,NA,NA,NA,NA,NA,0.46221729593923
"Tringa nebularia","common greenshank",NA,"ABI",-1.12020106155308,-2.36502399339706,-0.204698632865138,NA,0.16551561280915,-0.484076571936584,-0.349370518668777,0.0384540048045683,NA,NA,NA,NA,NA,NA,NA,-0.0248815603877942,NA,NA,NA,0.206896401352214
"Tringa ochropus","green sandpiper","Forest","ABI",-0.880204921641603,-0.901076510399499,NA,0.273001226798973,-0.156913716844111,0.229689798009287,NA,NA,NA,NA,0.0571340531735543,NA,NA,NA,NA,NA,NA,-0.0434128025989195,NA,0.291723576285058
"Tringa totanus","common redshank",NA,"ABI",0.611431370809687,0.260781769944354,NA,-0.265894728401522,-0.507045989150486,-0.240492533418866,NA,NA,NA,NA,NA,NA,-0.0701730737171122,-0.0636404668842606,NA,NA,-0.0502494663007555,NA,NA,0.394661396081014
"Troglodytes troglodytes","Eurasian wren",NA,"ABI",-0.419323563684429,-0.227798595210168,0.0168512687095249,0.0649564848914344,0.0621546898893297,0.0875126195679007,-0.0232468691204964,-0.00713401928103379,-0.0120973595326611,NA,NA,-0.012634075412383,-0.0138186897300623,-0.0225772613939011,0.0118535878782039,0.0132816526728551,-0.0180022064901216,-0.00815917735628778,0.0107839771917343,0.330068749486154
"Turdus iliacus","redwing",NA,"ABI",-0.130724787394055,-0.337561473042256,0.157057677691339,-0.216448322761699,0.088391686535589,0.0879763220539437,NA,NA,NA,-0.0532090998976089,0.0254691190956167,NA,NA,NA,0.0255235058642789,NA,0.0265626865951118,-0.0275742313318162,NA,0.378715621611476
"Turdus merula","common blackbird",NA,"ABI",-0.191759223409124,0.195354730044334,0.136652895444211,0.0598209338120505,0.100841632553021,0.128491670502792,-0.0145159435634217,NA,0.00800734096237124,0.00462575592466262,NA,0.00956669311818083,0.00683468228488963,NA,NA,0.0161664469956309,-0.00522368686102683,NA,0.00465691916138954,0.310921387962076
"Turdus philomelos","song thrush",NA,"ABI",-0.522634162606373,-0.431781261156934,-0.108356584008739,0.114075996847343,0.0749346584609317,0.158623054910377,-0.00848523981506859,NA,0.00890806081225929,NA,NA,NA,NA,-0.0193579660791167,-0.0100429687577191,NA,-0.0174450178809517,-0.00633620762236178,0.011918677872276,0.364985268327588
"Turdus pilaris","fieldfare",NA,"ABI",0.350759023962022,0.249258696696236,-0.155293659475243,0.0319734920792732,0.256946164122346,0.136887704108105,NA,NA,NA,NA,NA,NA,NA,-0.0340883062725107,-0.0392461156065871,NA,0.0447428203416499,NA,NA,0.241470701392313
"Turdus torquatus","ring ouzel",NA,"ABI",0.24481942500689,-1.79453403108619,0.227804165931201,NA,-0.0578724281299024,-0.815350654400453,NA,-0.0519896308037599,NA,NA,-0.0343946958126638,NA,-0.0430849197003856,-0.251921243054025,NA,NA,NA,NA,NA,0.401483004177423
"Turdus viscivorus","mistle thrush","Forest","ABI",-0.457522092211247,-0.576959401075163,-0.209175056588181,0.0437159743511412,NA,NA,-0.0558506191991653,NA,0.0388388738334147,0.0653073094499002,NA,-0.0148854094532746,-0.0463495849917125,-0.0411360611005935,NA,NA,NA,-0.0146964204238055,NA,0.278207687272214
"Tyto alba","western barn owl",NA,NA,NA,NA,NA,NA,NA,NA,NA,NA,NA,NA,NA,NA,NA,NA,NA,NA,NA,NA,NA,NA
"Upupa epops","Eurasian hoopoe","Farmland","ABI",0.224053091215509,-0.598114622737047,0.0871393920067874,-0.112431543255753,0.0714235458973862,-0.04022336408462,NA,NA,-0.0291562806418629,-0.0405978650642079,0.0174063717918138,NA,-0.0364885327974913,NA,0.0337116332580758,0.0389512801271593,NA,0.022269995696241,0.0163146486243147,0.336858500566625
"Vanellus vanellus","northern lapwing","Farmland","ABI",0.787157081369223,0.422372450377573,NA,0.220079913105594,-0.104860002138901,0.0586775218844748,0.0193954519575302,NA,NA,0.0304862931081865,-0.0281014318319045,NA,NA,-0.0479155859153571,NA,-0.060496918545981,0.0525696536056241,-0.0273447835959615,NA,0.200738275995832
