"Species","Name","Habitat.indicator","All.butterfly.indicator","open_vs_forest","urban_vs_forest","spring_mean_temperature","spring_rainfall","landscape_diversity","primary_productivity","urbanisation_increase_effect_on_trend","treedensity_increase_effect_on_trend","non_intensively_managed_forest_effect_on_trend","intensively_managed_forest_effect_on_trend","farmland_increase_effect_on_trend","low_intensively_managed_farmland_effect_on_trend","medium_intensively_managed_farmland_effect_on_trend","high_intensively_managed_farmland_effect_on_trend","temperature_increase_effect_on_trend","temperature_variation_increase_effect_on_trend","rainfall_increase_effect_on_trend","landscape_diversity_increase_effect_on_trend","protected_area_effect_on_trend","dev_exp"
"Aglais io","European peacock",NA,NA,0.116923683276413,NA,NA,-0.0361646682118743,0.0509270119090667,0.316291105983645,NA,0.0629277222139728,NA,NA,NA,0.0563542382046929,0.0376556105746842,0.0520744672796732,-0.0545148137371083,0.0433425887380961,NA,NA,NA,0.195900656706453
"Aglais urticae","small tortoiseshell",NA,NA,0.534616207453945,0.435878390639622,-0.618461671071644,-0.194770057717696,-0.123786828144501,0.231856472594955,NA,0.0396964292661657,NA,NA,NA,NA,NA,NA,-0.0309322037062758,-0.0316830757079993,-0.057541731607702,NA,NA,0.181515374307996
"Agriades optilete","cranberry blue",NA,"ABI",1.28019757595831,-0.929217051074278,-0.87938497518095,0.694758435576797,-0.39363922693011,NA,NA,NA,NA,NA,NA,NA,-0.194931759425676,NA,NA,0.0955906374306955,NA,NA,-0.484509401907884,0.451986120811046
"Anthocharis cardamines","orange tip","Grassland","ABI",NA,NA,NA,NA,NA,NA,NA,NA,NA,NA,NA,NA,NA,NA,NA,NA,NA,NA,NA,NA
"Anthocharis euphenoides","Provence orange tip",NA,NA,NA,NA,NA,0.79433005850139,-0.204909450769553,0.654912459594903,NA,NA,NA,NA,0.0691900015110037,-0.207980842460384,NA,NA,NA,NA,-0.106015414105561,NA,0.226529762678617,0.421485550320161
"Apatura ilia","lesser purple emperor","Woodland","ABI",-0.508119552433629,NA,NA,NA,NA,NA,NA,NA,-0.257938658604349,-0.327927719476277,NA,NA,0.167854616320902,NA,NA,NA,NA,NA,NA,0.192138781393678
"Apatura iris","purple emperor","Woodland","ABI",NA,NA,NA,NA,NA,NA,NA,NA,NA,NA,NA,NA,NA,NA,NA,NA,NA,NA,NA,NA
"Aphantopus hyperantus","ringlet",NA,NA,-0.105909494564496,-0.0781987023038707,-0.274883725164997,-0.18390267907465,0.0275576453741911,0.396502816863107,0.0401871250369211,NA,-0.0165469989439324,-0.0293029040004483,-0.0253783736731906,NA,0.029077477899874,NA,0.0346414499776421,-0.0809914760236114,-0.0639180317814693,-0.0143174225261721,0.0444405011231932,0.183383425164345
"Aporia crataegi","black-veined white","Woodland","ABI",-0.492373075670528,-1.66395619377339,-0.42134526291416,-0.232156477084225,-0.0921736877522929,NA,0.152740708460113,-0.0447040049201136,NA,NA,0.092600501342851,0.0532862720335552,NA,0.172146690433982,0.0650067171907506,NA,NA,-0.0739101724386715,NA,0.414247154077787
"Araschnia levana","map","Woodland","ABI",NA,-0.173357980327271,NA,NA,0.0743646584468251,0.550657980147982,-0.0468852139681865,0.0458294231125021,NA,NA,NA,NA,NA,NA,0.0769213146984388,-0.134421540647427,0.0657371184197292,0.0620395283251057,NA,0.151310696320307
"Argynnis pandora","cardinal","Woodland","ABI",NA,NA,NA,NA,NA,0.584493539523876,NA,-0.351401302127431,NA,NA,-0.19048745890365,NA,NA,0.600767920402072,NA,-0.408625993783951,NA,NA,NA,0.718623683895745
"Argynnis paphia","silver-washed fritillary","Woodland","ABI",-0.525224018441239,-0.471289557582702,-0.412160224220011,-0.100833729450111,NA,0.58122257818174,NA,NA,NA,NA,NA,NA,NA,NA,-0.111917025061872,NA,-0.0893461861149004,NA,-0.0717128944844118,0.174944642034897
"Aricia agestis","brown argus",NA,NA,NA,NA,NA,NA,NA,NA,NA,NA,NA,NA,NA,NA,NA,NA,NA,NA,NA,NA,NA,NA
"Aricia artaxerxes","northern brown argus",NA,NA,NA,-0.365665188175381,NA,0.324011254133581,-0.128576191946529,-0.262070362671656,0.292996006797669,0.17502821822042,-0.163825405518785,0.250887486219797,-0.062197770043106,0.414435450099971,NA,-0.415344894421199,-0.227177894034781,0.128542482745336,-0.179160588874183,-0.0337879005457007,NA,0.498378461784235
"Aricia cramera","southern brown argus",NA,NA,NA,1.64424201662576,NA,NA,0.18505882789255,0.410900948427862,NA,NA,NA,-1.11869700585522,0.0824926105233138,NA,-0.150533840862743,0.264549327064962,0.206602650401652,-0.185443739472563,NA,0.0853198928539747,-0.139185933947534,0.528961111296214
"Boloria dia","Weaver's fritillary",NA,NA,NA,NA,-0.154228015329651,NA,NA,0.410385435110643,NA,NA,NA,NA,0.15226383401898,NA,0.124736321483485,0.210846807617805,NA,NA,NA,-0.10160235724677,NA,0.299727312518007
"Boloria euphrosyne","pearl-bordered fritillary","Woodland","ABI",-1.45708205153728,-1.46553472909729,-0.300054450332303,-0.216787201748728,-0.426973586488951,0.161166711807729,-0.376727090517539,-0.057532803766824,-0.161852043809647,NA,0.0327834942332255,NA,NA,-0.0874712132397053,-0.164031769586898,0.147910317166611,-0.0364374722442634,0.0354544794698655,NA,0.352455539641969
"Boloria selene","small pearl-bordered fritillary",NA,NA,-0.635951655730629,-0.443986288817038,NA,0.273849808321256,-0.208382506642658,0.290020010090698,NA,NA,NA,0.161833077179637,0.0703429148243263,NA,NA,-0.111008770248537,-0.225201479782431,NA,-0.0817050594608889,NA,NA,0.242435502604542
"Boloria titania","Titania's fritillary",NA,NA,NA,NA,NA,NA,NA,NA,NA,NA,NA,NA,NA,NA,NA,NA,NA,NA,NA,NA,NA,NA
"Brenthis daphne","marbled fritillary",NA,NA,-0.816840427700516,-0.840357251396615,0.223796347376951,0.208112329508744,-0.228788422294623,0.0676238966847829,0.149094885786105,0.137220248062757,-0.339051986922124,-0.28163070366227,NA,-0.103128130712469,NA,-0.107633338480194,-0.0426505849603325,0.116139952333668,-0.117242560618783,NA,-0.100354310640728,0.23227422831553
"Brenthis ino","lesser marbled fritillary",NA,NA,1.11338245213886,-0.248925165197305,-0.275558640706947,0.125997939433639,-0.0392960473273275,0.322054952099355,NA,0.0622412680157326,NA,0.0448675667823328,-0.143388281962839,-0.0693520798742351,-0.0196175188212646,-0.0757578529929617,-0.0326709878703684,-0.027523345475816,0.0235476111332921,0.0333018995848498,0.0353154598557283,0.37420972257421
"Brintesia circe","great banded grayling","Woodland","ABI",NA,NA,NA,-0.16540036423231,NA,0.286044901553235,0.134227787770062,-0.159147629016781,0.198259811866318,NA,0.104310505912246,0.106973247909017,0.0988378439445254,0.287036729784034,0.249376343552968,-0.108331789462486,0.142003307586384,NA,0.17527769623682,0.411848247212595
"Cacyreus marshalli","geranium bronze",NA,NA,NA,0.821019683710968,NA,-0.499226164224026,NA,NA,NA,NA,NA,NA,NA,NA,-0.497087312622924,-0.503987944139886,NA,NA,NA,0.314870290277643,NA,0.300798142354447
"Callophrys rubi","green hairstreak",NA,NA,NA,NA,NA,NA,-0.194447116225645,0.141473582479269,-0.201485355394674,NA,NA,0.106698898268139,NA,0.0943128903945045,0.0821878493378315,0.0978571650266916,NA,-0.0460507486538653,-0.0605604752070236,-0.0532727198671824,-0.102395476384004,0.269837512759777
"Carcharodus alceae","mallow skipper",NA,NA,0.379582387142752,NA,NA,-0.210744449181027,0.334255840465444,NA,NA,0.0524617681863183,NA,NA,NA,NA,NA,NA,NA,NA,NA,NA,-0.187788277335297,0.309407951797154
"Carterocephalus palaemon","chequered skipper",NA,NA,-0.642722608641558,-0.609410091310774,NA,0.255138367794916,NA,NA,NA,0.228599228811435,-0.505560690022324,-0.37015381992715,NA,0.195617019955317,NA,NA,NA,-0.11984253210031,NA,0.152993475063059,-0.101321519362028,0.506281656135085
"Carterocephalus silvicola","northern chequered skipper","Woodland","ABI",NA,NA,NA,-1.73694985353768,-0.248892666076813,-0.58444661050904,NA,0.238356666782163,0,NA,NA,NA,NA,NA,NA,NA,NA,NA,NA,0.497675120343336
"Celastrina argiolus","holly blue","Woodland","ABI",NA,NA,NA,NA,NA,NA,NA,NA,NA,NA,NA,NA,NA,NA,NA,NA,NA,NA,NA,NA
"Charaxes jasius","two-tailed pasha",NA,NA,-2.6190273744352,0.578803568633045,1.2803872852291,NA,NA,0.728763045770205,NA,-0.205251165924981,NA,NA,0.0725028719922195,NA,-0.150958385447158,NA,-0.142232546125117,NA,-0.117430301428232,NA,0.200942848177818,0.394714821601033
"Coenonympha arcania","pearly heath","Woodland","ABI",0.290847255252226,0.396717569282462,-0.81949104551515,NA,NA,0.487317144338587,-0.102277450681371,0.0427798646900971,NA,NA,0.0920515091687735,0.0959721865784304,0.110123174337475,NA,-0.0613201664038327,0.120343172816424,0.0689158204639203,-0.0863819317282603,-0.167172169213961,0.290368327333243
"Coenonympha glycerion","chestnut heath",NA,NA,NA,-0.553614744405378,NA,NA,NA,NA,NA,NA,NA,NA,NA,NA,-0.129329523295633,-0.234636488591151,-0.118010211844996,NA,NA,0.167087004404579,NA,0.538403694852984
"Coenonympha pamphilus","small heath","Grassland","ABI",NA,NA,NA,NA,NA,NA,NA,NA,NA,NA,NA,NA,NA,NA,NA,NA,NA,NA,NA,NA
"Coenonympha tullia","large heath",NA,"ABI",-0.476761385291026,NA,NA,0.549003974383107,0.459656356189347,0.75050421173605,NA,-0.234250484985744,-0.272946461848505,-0.322220312990563,-0.175260138825316,0.334498201571227,NA,NA,NA,NA,NA,NA,-0.19781110874715,0.682097503624392
"Colias alfacariensis","Berger's clouded yellow",NA,NA,-0.27514755044143,-0.222253549821703,-0.424206682160081,-0.436566635830885,0.489732531976112,0.274348503376837,0.124138095532366,-0.118161632149946,0.590958001470981,0.407665144083896,0.0917278683192575,0.17559635145146,0.232988103435236,0.114181413769547,-0.0986152366468096,-0.0236871853975714,-0.0242335077648367,NA,0.0729144137000753,0.419279303421128
"Colias crocea","clouded yellow",NA,NA,0.30420766702186,NA,-0.150629851570066,NA,0.0832307855373693,0.175499581863867,0.0559992509126079,NA,0.0934352353897265,0.103136095779514,NA,0.0627811200014933,NA,0.0980377428250508,-0.0451388329544121,0.0535621734034476,NA,NA,NA,0.593415217061837
"Colias hyale","pale clouded yellow",NA,NA,0.379093345573343,NA,NA,0.340948618910068,0.236230096742944,0.356831000245726,NA,NA,0.161695056177668,NA,0.201290122742099,0.226383838288474,NA,NA,NA,-0.133518053697984,-0.155106999338345,NA,NA,0.250104787137883
"Colias palaeno","moorland clouded yellow",NA,"ABI",NA,NA,-0.521721547147284,NA,-0.645569090295746,NA,NA,NA,0,NA,NA,NA,NA,NA,NA,NA,NA,NA,NA,0.41541226206852
"Colias phicomone","mountain clouded yellow",NA,NA,NA,NA,NA,NA,NA,NA,NA,NA,NA,NA,NA,NA,NA,NA,NA,NA,NA,NA,NA,NA
"Cupido alcetas","Provençal short-tailed blue",NA,NA,1.14896626570497,1.95342146605568,7.11145736363526,8.0798300233922,1.03561785627567,1.62120451071609,-0.803565610450764,NA,0.312616929310028,1.90295596616687,NA,-0.960791332851055,-0.721983608079805,-0.729924919677435,-0.202399511012354,0.635041411668729,NA,0.346486512763973,-0.830818097934634,0.61733787261499
"Cupido argiades","short-tailed blue",NA,NA,NA,-0.124887357247756,0.216427821001249,NA,0.213024001030022,0.0801579803190165,-0.0709475716798272,NA,NA,-0.0625412503473217,-0.0345734547794913,NA,NA,NA,NA,0.14812865084566,NA,NA,-0.074325160228929,0.312087872396351
"Cupido minimus","small blue","Grassland","ABI",NA,NA,NA,NA,NA,NA,NA,NA,NA,NA,NA,NA,NA,NA,NA,NA,NA,NA,NA,NA
"Cyaniris semiargus","Mazarine blue","Grassland","ABI",NA,0.407418538766533,NA,0.184846948484944,NA,0.188583114632075,0.0934225253799991,NA,NA,NA,0.198793349388369,NA,NA,NA,NA,-0.0820488234524919,NA,NA,NA,0.2048687257275
"Erebia aethiops","Scotch argus","Woodland","ABI",-0.54688413186236,-2.99492287153937,NA,NA,NA,NA,0.602365127088892,-0.144291245763346,-0.28884307069771,-0.234879068288076,0.0836244701952916,-0.103265806802061,-0.146598300523302,-0.623591773305897,0.486181099800932,NA,NA,0.263468496141207,0.0648947931974582,0.514438317795876
"Erebia epiphron","small mountain ringlet",NA,NA,NA,NA,NA,NA,NA,NA,NA,NA,NA,NA,NA,NA,NA,NA,NA,NA,NA,NA,NA,NA
"Erebia euryale","large ringlet",NA,NA,NA,NA,NA,NA,NA,NA,NA,NA,NA,NA,NA,NA,NA,NA,NA,NA,NA,NA,NA,NA
"Erebia ligea","Arran brown","Woodland","ABI",-1.95000010388271,-0.829780609806304,NA,-0.431286309217178,-0.456017428743092,NA,NA,NA,NA,NA,-0.353176668075414,NA,NA,NA,NA,NA,NA,NA,NA,0.304459019306291
"Erebia medusa","woodland ringlet",NA,NA,NA,-0.690656529840198,NA,0.613743273908066,-0.520658971690425,-0.602635275438958,NA,NA,0.507356409038031,NA,NA,-0.211019803121243,-0.358987797822502,-0.293458760567919,NA,NA,NA,NA,NA,0.33347542681021
"Erebia meolans","Piedmont ringlet",NA,NA,NA,NA,-5.21404014727008,3.35151756016912,-2.11958464263121,1.0014826358988,-8.54519735890251,0.939266703531482,0,NA,NA,NA,NA,NA,NA,0.992094083112753,NA,0.28333859775461,-1.32282423209701,0.796187011180295
"Erebia tyndarus","Swiss brassy ringlet",NA,NA,NA,NA,NA,NA,NA,NA,NA,NA,NA,NA,NA,NA,NA,NA,NA,NA,NA,NA,NA,NA
"Erynnis tages","dingy skipper","Grassland","ABI",NA,NA,NA,NA,NA,NA,NA,NA,NA,NA,NA,NA,NA,NA,NA,NA,NA,NA,NA,NA
"Euchloe crameri","western dappled white",NA,NA,-0.267834463242613,-0.503466959109221,1.41681262039122,0.664597055896691,0.205083023376604,NA,NA,-0.0632736876315357,-0.0911380862139602,21.8562913635429,0.0390510598010836,NA,-0.0603817044825169,0.173192112741068,0.0858938050484053,-0.22845907356327,0.130449376424115,NA,-0.13331375089639,0.609712135622131
"Eumedonia eumedon","geranium argus",NA,NA,-0.439670798743027,NA,-1.08716042133914,-0.453952555962172,-0.387768175030286,0.261681310338114,-0.223017204947663,NA,-0.108014272888076,-0.260214370250273,-0.42285590105226,0.0588384696428806,-0.078806653797923,NA,-0.047220058077549,0.0303216275262153,-0.243771712332887,0.290290018526321,-0.237517020901015,0.513004863141845
"Euphydryas aurinia","marsh fritillary","Grassland","ABI",-0.358809823579526,NA,0.203715419970316,NA,-0.258915379952404,NA,NA,NA,0.203646572258804,0.232407664461894,NA,NA,0.211326182005696,0.245731987505533,-0.147880674704841,0.276953388940583,-0.21514015869053,NA,0.194991322164905,0.189014153764997
"Fabriciana adippe","high brown fritillary",NA,NA,-1.02304584605148,NA,-0.663999659527087,-0.19039663542205,-0.384722083501858,0.639321236750343,NA,NA,0.243883511257104,0.16791433801834,0.0731758871245153,NA,NA,0.173757286055414,-0.116972473781432,0.0921057493316479,NA,NA,-0.0902749122943446,0.45346920007585
"Fabriciana niobe","Niobe fritillary",NA,NA,0.759890701750304,3.39946859797493,-2.77333278546471,-3.93064506207807,-1.59799106131633,-1.6002518269353,0.186647145756175,0.375672972577703,-0.478056078875,-1.01488659949301,NA,0.723270378486765,0.98776663464418,1.09920205784825,0.74095443990514,-0.798146181737913,0.491886017024374,0.603350583167535,1.11869503862745,0.695816535473055
"Favonius quercus","purple hairstreak","Woodland","ABI",NA,1.29549088290352,-0.445291744360686,-0.243054966701101,NA,1.09789698226998,0.0865036386233005,NA,NA,-0.103757569715844,NA,NA,NA,NA,NA,0.332435990854302,-0.120311473002975,NA,NA,0.180986631040085
"Glaucopsyche alexis","green-underside blue",NA,NA,0.565998185858218,NA,NA,NA,0.312112461890131,0.190992952527646,NA,-0.0917758563195968,NA,NA,0.174670756342029,NA,NA,NA,NA,NA,NA,NA,NA,0.304931991241747
"Glaucopsyche melanops","black-eyed blue",NA,NA,0.582318350680368,1.18206591382868,-0.567750274780231,NA,NA,-0.371135372693696,NA,-0.114947953863199,-1.57406632207348,-0.534347080122357,NA,0.170762755888978,0.291353898639893,0.320639487502079,NA,0.24800708870443,-0.0366016223415247,-0.0718753824654209,0.203062460574021,0.630048177214001
"Gonepteryx cleopatra","Cleopatra",NA,NA,-0.610346415668968,NA,0.260571550286934,NA,0.0954170313032319,0.374091332534311,0.0863493879982847,-0.113564014193687,-0.21092981266315,-0.587526702690976,0.0475506614371522,NA,NA,NA,NA,NA,NA,NA,NA,0.444444934275125
"Gonepteryx rhamni","common brimstone","Woodland","ABI",-0.517363289794337,-0.341148196145079,0.153008425407849,0.168688624902464,-0.0555496152322083,0.337665078470798,0.0618707081575157,0.0498153430000976,0.070475063586219,0.0543835369324855,NA,0.0262642982162219,NA,0.0520459855981673,-0.0546902712528391,0.08977228982893,-0.0251102772443812,-0.0248747897849898,-0.0374297420742938,0.24793952746117
"Hamearis lucina","Duke of Burgundy",NA,NA,1.60247585027876,2.45562655654349,-1.36048090929368,1.33060298002684,0.361282500771924,1.43749001653885,NA,NA,-0.24899312174136,-0.356374192697884,0.0644446206665988,NA,NA,-0.203404400476105,0.223241945299575,0.215351804752013,-0.0922167325812004,-0.170906460876108,-0.0906837723889433,0.341779661448888
"Hesperia comma","silver-spotted skipper",NA,NA,0.658842097301805,-0.946673042605676,0.201928880654866,NA,-0.20542447059349,-0.313749572640836,-0.170804499594725,-0.125493655319502,NA,NA,NA,-0.14252364539763,-0.139625247396993,NA,-0.209292933255663,0.116157359750489,-0.242757232832188,NA,-0.114491045814131,0.322742029236926
"Heteropterus morpheus","large chequered skipper",NA,NA,NA,NA,NA,-1.21483240037633,0.17071652587947,1.34426101419521,NA,0.195988898240525,0.198368301016268,0.207224907791302,-0.087987064137439,-0.230376405512818,-0.54757878755561,-0.364558761422049,NA,NA,-0.185762034098001,-0.268934153212619,-0.378825939407374,0.565882713592249
"Hipparchia fagi","woodland grayling","Woodland","ABI",-0.817275725603727,-5.78016671694759,-2.46863110214934,-3.33330162670768,-0.212543100389646,-0.588260444541713,NA,-0.169244446677469,NA,NA,-0.0624466567299848,NA,0.087612662348344,NA,0.0597270190746475,0.258724671879765,-0.102843573096721,NA,0.104959506055895,0.491875462162777
"Hipparchia fidia","striped grayling",NA,NA,0.285547271003732,-1.37181785280945,-0.970748801083244,-2.71488957641067,-0.31973975448581,-0.85494242021617,NA,NA,NA,NA,-0.0512844115744346,0.0547430246845275,0.251713924663614,0.459068936984896,0.114328514314348,-0.261557925982046,NA,NA,0.165738257743845,0.539797317025982
"Hipparchia semele","rock grayling",NA,NA,-1.09274095373273,-1.16356285385862,-0.319058835466304,NA,-0.137477853424048,-0.316983842262485,0.217926626088538,-0.145927018351282,NA,NA,-0.109047222269446,0.199362863012281,0.159496091541093,0.308039989864718,NA,NA,NA,-0.0823562025840475,0.111353835968898,0.234023360060079
"Hipparchia statilinus","tree grayling",NA,NA,-0.518009300755722,0.809058441707124,NA,NA,NA,0.247875994105366,-0.168752591252725,NA,NA,NA,NA,0.134911894419449,0.27258158712599,0.32403433450418,NA,-0.317078718884227,0.170563055820161,-0.106523405768284,NA,0.406373364899035
"Iphiclides feisthamelii","southern scarce swallowtail",NA,NA,-1.04685618243705,1.00062262540909,0.291530568190313,NA,-0.100624348246487,0.490419991583516,NA,NA,-0.706754235794839,-0.669861054087128,0.0738320965772006,NA,NA,NA,NA,0.129299805435933,NA,NA,NA,0.279851152070347
"Iphiclides podalirius","sail swallowtail",NA,NA,NA,NA,-0.215766306823197,-0.862861392745284,NA,NA,NA,NA,0.141980815750628,NA,0.17685073537868,NA,NA,0.288822786802876,-0.256625823625419,-0.288668359950807,NA,NA,NA,0.524018023326673
"Issoria lathonia","Queen of Spain fritillary",NA,NA,0.232461776623586,NA,-0.221079236437481,-0.198343426663089,-0.0727225345891533,-0.109977470891864,0.0981553793636867,NA,0.100705569022904,NA,NA,-0.0676193166701282,0.117172065683096,0.0816922776515026,0.105723117976788,NA,-0.0409039359357452,0.087200950452278,0.158759438885158,0.246742359403665
"Lampides boeticus","pea blue",NA,NA,0.267066300637725,0.40922682441363,0.588420697456884,0.0534967173852078,-0.309709478068477,0.105384929431507,NA,0.0877920991066174,0.0671549982761819,0.221772287274254,-0.128588708024945,-0.0663551773434108,-0.225899443710598,-0.315394324207826,-0.0302370374461514,0.159093709833357,-0.266210852614195,-0.0214978431914745,NA,0.389239714052733
"Lasiommata maera","large wall brown","Woodland","ABI",-0.410225755849633,-1.40539712012464,0.326357492671497,0.229695471488681,-0.357413146939786,-0.460900254008388,NA,0.119708134453122,NA,NA,NA,0.0759116472901748,NA,NA,NA,0.0978383501834935,NA,-0.360156023832944,NA,0.314654448917255
"Lasiommata megera","wall brown","Grassland","ABI",0.180967377524482,NA,NA,-0.113649443952587,-0.0839243725210824,-0.0530011705612305,NA,NA,NA,0.103265582163143,0.0637182203262344,-0.0426754819247825,NA,-0.0708060512744396,NA,NA,NA,0.0653586755789116,0.0511613404083975,0.376302637533991
"Lasiommata petropolitana","northern wall brown","Woodland","ABI",NA,NA,NA,0.889378557643168,-0.240976453920456,0.899856726178852,NA,0.176705796452093,0,NA,NA,NA,NA,NA,NA,NA,NA,NA,NA,0.36417942770214
"Leptidea juvernica","Cryptic wood white",NA,NA,0.403845558054374,-2.20251495786922,-1.00924299964568,NA,0.179286744160975,-0.655991372083735,-0.258808217793999,NA,-0.902106292438231,-0.19464369879835,1.16601302978642,0.758842874372372,NA,-0.373368875179074,-0.791376421436027,0.138147409607841,0.159781529738504,NA,-0.407422482840622,0.707512685742907
"Leptidea sinapis","wood white",NA,NA,NA,-1.12919666664328,-0.0901821991198901,NA,0.363699354769712,0.192580504362365,NA,-0.0401134855867048,NA,NA,0.1369400684524,NA,NA,-0.130972763219616,0.0500521458245265,-0.0708869333162389,NA,NA,NA,0.349195764456894
"Leptotes pirithous","Lang's short-tailed blue",NA,NA,0.811735087664167,NA,0.332401328557891,NA,0.166426363234767,NA,-0.182352157020104,0.168150150272555,NA,-0.94346305385692,NA,NA,NA,-0.227072261996263,NA,NA,-0.103414621942231,NA,NA,0.473933901175668
"Libythea celtis","European beak","Woodland","ABI",NA,-0.826909371840967,NA,-0.675576144084953,0.127115791373747,1.48959260647504,NA,-0.0894347605631329,-0.800876552462899,0,-0.140240817881247,-0.217913849001378,-0.150682550393546,-0.221424585948761,0.164507253245361,-0.152993824039886,0.29688104823308,-0.0851665100723705,-0.292645169050794,0.448344134879457
"Limenitis camilla","white admiral","Woodland","ABI",-0.167847117071472,NA,-0.225423822567209,NA,-0.1049483894148,0.758705754103913,NA,NA,NA,-0.101380117156359,NA,NA,NA,NA,NA,0.185468524428884,NA,NA,NA,0.167616992226207
"Limenitis populi","poplar admiral","Woodland","ABI",NA,-1.4232473765241,NA,-1.23124132878439,NA,NA,NA,NA,NA,NA,NA,NA,NA,NA,NA,0.213842336835065,NA,NA,NA,0.172936711213682
"Limenitis reducta","southern white admiral","Woodland","ABI",-1.04965286410328,0.310960747930734,NA,-0.305437560918763,0.14620826128969,0.237967540023338,NA,NA,NA,NA,0.0712425265946149,NA,NA,NA,-0.0737534028966993,NA,-0.16530140433753,NA,NA,0.313738937456226
"Lycaena alciphron","purple-shot copper",NA,NA,-1.26019358414095,1.76991605521678,-1.96866413378319,1.20499638583766,-0.200242008528414,1.79089306855579,NA,-0.218557190381113,-0.625255205331406,-0.440510426072695,0.127758475268182,NA,0.290151143467406,0.954569146168006,NA,NA,0.304066225398471,NA,NA,0.581665212101255
"Lycaena dispar","large copper",NA,NA,-0.810846281443026,NA,1.42944937412407,NA,-0.496496013778807,-0.496263078264864,NA,0.321690917387688,-0.366317711124958,-0.405335688964245,0.321440648681845,NA,NA,NA,NA,-0.229340209928248,-0.194972442020039,NA,NA,0.488148116738572
"Lycaena hippothoe","purple-edged copper",NA,NA,NA,NA,NA,NA,NA,NA,NA,-0.128951043439339,NA,NA,NA,NA,NA,-0.213303827342874,NA,NA,NA,NA,-0.250201334076705,0.292513652696226
"Lycaena phlaeas","small copper","Grassland","ABI",NA,NA,NA,NA,NA,NA,NA,NA,NA,NA,NA,NA,NA,NA,NA,NA,NA,NA,NA,NA
"Lycaena tityrus","sooty copper",NA,NA,-0.469570342053043,NA,NA,NA,-0.18777036990618,0.189117091042045,NA,NA,NA,NA,NA,NA,0.138025689375962,NA,NA,NA,NA,NA,-0.117230278106687,0.320329453028713
"Lycaena virgaureae","scarce copper",NA,NA,NA,0.357741986834833,-0.746016497550204,-0.688280993753331,-0.199248337932276,0.300364960572698,0.372368563046791,0.100381030413287,NA,NA,NA,NA,-0.0724149779310811,NA,NA,NA,0.0814338870122164,NA,NA,0.345168064091965
"Lysandra bellargus","Adonis blue","Grassland","ABI",0.520533650958055,NA,0.201964745056963,NA,0.282752499011742,-0.191820897171652,-0.121669188408375,NA,0.120934020206243,NA,NA,0.165520765837205,NA,NA,NA,NA,NA,NA,NA,0.190854921833359
"Lysandra coridon","chalkhill blue","Grassland","ABI",NA,NA,NA,NA,NA,NA,NA,NA,NA,NA,NA,NA,NA,NA,NA,NA,NA,NA,NA,NA
"Maniola jurtina","meadow brown","Grassland","ABI",0.0795159396309532,NA,-0.0420320034205695,NA,0.0559189245319859,0.096985874605079,NA,0.0203944690237844,NA,0.0400482881255741,NA,0.0209433383803688,NA,NA,NA,NA,NA,0.0238011381410836,0.0280847233320731,0.159400625317462
"Melanargia galathea","marbled white",NA,NA,NA,NA,NA,NA,NA,NA,NA,NA,NA,NA,NA,NA,NA,NA,NA,NA,NA,NA,NA,NA
"Melanargia lachesis","Iberian marbled white",NA,NA,0.136597250279087,0.84873289020964,-1.18884576059846,-1.02015563088648,0.06036284701859,0.476955843129468,0.144126293164003,-0.00801517382756423,0.564367871106294,-0.454741160416355,NA,0.0675341423066968,0.055082356182694,-0.014717442169945,0.0506869534926611,0.0589240445974446,0.0323392792455244,-0.163450268309223,0.0856131519914594,0.433189775496458
"Melitaea athalia","heath fritillary",NA,NA,-0.529045046459941,-0.407051555327683,NA,-0.415384244949601,-0.207080985940134,NA,NA,NA,-0.239687108578519,-0.205852427787492,0.174443625744388,NA,NA,NA,NA,NA,NA,-0.188654208048194,NA,0.303672859500889
"Melitaea cinxia","Glanville fritillary",NA,NA,-0.300450231818687,0.625605509650732,-0.450729619843755,NA,NA,0.15847436946614,0.154851728730626,0.0965494049799491,NA,-0.138829994786257,NA,NA,NA,NA,NA,NA,NA,NA,-0.136273054878541,0.36608284528207
"Melitaea deione","Provençal fritillary",NA,NA,-0.954657809360487,NA,-1.12064920155215,-1.69504455590941,-0.46109856813267,NA,NA,NA,NA,NA,NA,NA,NA,NA,NA,NA,-0.189461988610802,NA,NA,0.282760565519793
"Melitaea diamina","false heath fritillary",NA,NA,NA,-0.732499412575748,NA,0.375751875067526,-0.73974200555048,NA,NA,-0.180944155803858,NA,NA,NA,NA,-0.380701470588797,NA,-0.100975947380503,0.259783133231706,-0.200449825012813,NA,0.386915009792264,0.615061243306215
"Melitaea didyma","spotted fritillary",NA,NA,-0.0753843788231197,0.6740404959515,-0.167206828388727,0.0983495966885031,NA,0.289932158196721,0.179577346413483,-0.126123980896318,0.186478740698806,0.112167456228899,0.0622942377384121,0.18569298963501,0.270236298971904,0.133236903338148,0.0402212882949578,-0.213819259594308,NA,-0.0719497202101317,0.0930392975882232,0.262151880515105
"Melitaea parthenoides","meadow fritillary",NA,NA,0.579915009507125,NA,NA,0.575167506775673,NA,NA,NA,NA,-0.433015278813531,NA,NA,NA,NA,NA,NA,NA,NA,NA,NA,0.281869974385427
"Melitaea phoebe","knapweed fritillary",NA,NA,NA,0.556985050079281,-0.217032140145868,-0.276861350302462,NA,0.36228192151712,NA,NA,-0.175984990519119,-0.248321532544566,0.0996634906403759,NA,NA,NA,NA,NA,NA,NA,-0.107237817217661,0.221036443860521
"Minois dryas","dryad",NA,NA,6.47761210820753,-10.0635546361112,-3.51285411565051,-4.89904627620092,NA,NA,-0.4481971071108,-0.290919529457044,-0.582344093789998,-0.268086845513148,NA,-0.131013168499541,-0.172460695182263,-0.825289725169782,NA,NA,NA,0.318830213261119,-0.263127471200589,0.753760447079233
"Nymphalis antiopa","mourning cloak","Woodland","ABI",-0.711095060172972,-0.794134535989589,-0.280238394417757,NA,-0.168076188262675,NA,0.162054420423632,NA,NA,NA,NA,NA,NA,NA,NA,-0.0926038100918414,NA,-0.154540009647553,-0.182524180511398,0.266552435905984
"Nymphalis polychloros","large tortoiseshell","Woodland","ABI",-0.285699681527445,NA,-0.186959956168276,NA,NA,0.325873525133229,0.127023059384089,NA,NA,NA,NA,NA,NA,NA,NA,0.29094796177518,NA,NA,NA,0.186448994025621
"Ochlodes sylvanus","large skipper","Grassland","ABI",NA,NA,NA,NA,NA,NA,NA,NA,NA,NA,NA,NA,NA,NA,NA,NA,NA,NA,NA,NA
"Papilio machaon","Old World swallowtail",NA,NA,0.396348387259021,-0.17548419014427,0.266744384029417,NA,0.162145957608126,-0.356653885049279,0.065116812385634,-0.065980820045426,-0.0755184034534725,NA,NA,NA,-0.0634451072010026,-0.0871594727040653,NA,0.0492022278961257,NA,0.0736523049311776,NA,0.292211476415594
"Pararge aegeria","speckled wood","Woodland","ABI",NA,0.101135459683124,0.471441158690565,0.140161260488866,0.0153651350286688,0.061062434937755,NA,0.0252473284315189,-0.0235678455177268,NA,-0.0272265472274046,NA,-0.0373464163361787,NA,0.0349938200670434,-0.037451719493338,0.0486780541756891,NA,NA,0.272226052293908
"Parnassius apollo","mountain Apollo",NA,NA,NA,NA,NA,NA,NA,NA,NA,NA,NA,NA,NA,NA,NA,NA,NA,NA,NA,NA,NA,NA
"Phengaris arion","large blue","Grassland","ABI",NA,-2.41190159241987,0.480878169355065,1.21209198875661,-0.59495034143509,NA,0.619102820651346,NA,-0.474118242636276,-0.255324859192285,NA,NA,NA,NA,NA,-0.520986267063257,-0.247004231301725,NA,NA,0.681184983853518
"Pieris brassicae","large white",NA,NA,0.591385069391847,0.49304068115448,-0.215594492971934,-0.339536593244414,-0.118207776694429,0.112612357248042,NA,NA,-0.0217562649867766,-0.0638354126080471,NA,NA,NA,NA,-0.051662152169894,-0.0580155387622871,-0.0387686697806,NA,NA,0.26780084360693
"Pieris mannii","southern small white",NA,NA,0.437585962986662,NA,0.446359739705776,NA,NA,NA,NA,NA,NA,NA,-0.258226921605839,NA,0.230340020674597,0.239614517211723,0.215951203498742,NA,-0.536052632638589,NA,0.300410331494059,0.435630254316546
"Pieris napi","green-veined white",NA,NA,0.422780833844155,0.400056639220228,0.167242011979386,0.0564128557756053,-0.0664995783116932,0.309912613848129,NA,0.0311234492441658,NA,NA,-0.0435777162597526,0.0287956003917424,NA,-0.0336451505401201,NA,NA,-0.03036607812003,NA,NA,0.187249620386463
"Pieris rapae","cabbage white",NA,NA,0.582353582976036,0.537013740392887,0.0783365529554842,-0.218976575967062,-0.16401937045888,NA,-0.0188363533111356,NA,NA,-0.0246112523230478,-0.0294641885860184,0.0316345436812733,NA,NA,NA,-0.0798561292818852,-0.021351006956927,NA,NA,0.201487717419704
"Plebejus argus","silver-studded blue",NA,NA,0.24198406481603,-0.290486114845299,NA,0.165577164272587,NA,NA,NA,0.097200499358357,NA,NA,NA,NA,NA,NA,NA,NA,-0.108125694775494,NA,0.0970214138809848,0.220808793493535
"Plebejus idas","Idas blue",NA,NA,NA,-1.44747854234271,NA,NA,-0.574589712257036,-0.382664649441663,NA,NA,NA,NA,NA,0.291221052972133,NA,NA,NA,NA,0.152026304173379,NA,NA,0.25242499495894
"Polygonia c-album","comma","Woodland","ABI",NA,0.08873673117795,0.121030889497445,-0.0805118910207903,NA,0.120234546420141,NA,NA,NA,NA,-0.0220580327527454,NA,NA,-0.0308591902021007,NA,NA,-0.0359054655602486,-0.0193587269338561,NA,0.169738013710863
"Polyommatus amandus","Amanda's blue",NA,NA,NA,NA,NA,-0.480767247996305,0.134661759424038,NA,NA,NA,NA,NA,NA,NA,-0.127039419510674,NA,NA,-0.111947084546705,NA,NA,NA,0.279947147180508
"Polyommatus dorylas","turquoise blue",NA,NA,4.03450453490776,-9.01590098914376,-1.15691298747662,-4.43676981981353,-1.11882035312652,-3.50756276180353,0.704349675530986,0.170338640114981,NA,NA,NA,0.160774318234189,0.284332570272873,NA,NA,NA,0.102065870014637,-0.488339618805393,NA,0.59888644922668
"Polyommatus escheri","Escher's blue",NA,NA,-0.62048246544282,-1.16436642157611,1.41937692937064,2.51317094769968,0.183518909035599,0.331005724831402,0.0773167038228104,NA,NA,NA,0.0549949543971264,NA,0.243730022337989,0.105434271385961,0.104134728550384,-0.0640010325980106,NA,-0.0587118757402628,0.106040195350905,0.565129165335472
"Polyommatus icarus","common blue butterfly","Grassland","ABI",NA,NA,NA,NA,NA,NA,NA,NA,NA,NA,NA,NA,NA,NA,NA,NA,NA,NA,NA,NA
"Polyommatus thersites","Chapman's blue",NA,NA,-0.368071267032185,-1.13580057045788,-0.841307753943167,-0.812685715642849,0.613570474744254,0.644745406859023,NA,0.10261188482198,0.97451618657588,0.396651903514303,0.0903986794331383,-0.10513861468516,NA,NA,-0.251785362132994,NA,-0.282021923155759,NA,NA,0.560511003876304
"Pontia daplidice","Bath white",NA,NA,1.22182142226162,-0.499831105244341,-0.189235221569031,-0.655103739729392,0.141518862857341,-0.0534728529274542,0.061351808841882,-0.0432091674549589,-0.0380154885328278,-0.283332559961467,-0.0320058801167042,0.0395140910500694,-0.0595935671527844,0.251070102457276,-0.044053269159205,-0.364536931729681,-0.0138705354273848,0.0818799223456854,NA,0.566894328455886
"Pontia edusa","eastern Bath white",NA,NA,0.45801505514249,1.03676699692405,0.620681876080866,-0.569858573623535,NA,0.600703564622589,NA,0.211756358458321,NA,-0.241123214536132,0.178762381043659,NA,NA,NA,NA,-0.376237506555051,-0.253620204422213,-0.115127630889408,NA,0.226569442069269
"Pseudophilotes panoptes","Panoptes blue",NA,NA,0.241242648145149,2.84657334045975,-2.53436785754614,-5.60356887495813,-0.690815167058536,0.82299219001536,0.106566279207002,0.0694151317120221,NA,NA,-0.105618472720529,-0.153070262335962,NA,NA,0.148955876340545,0.136038450994464,NA,NA,NA,0.451272861037369
"Pyrgus alveus","Large Grizzled skipper",NA,NA,1.85398962627963,4.16979941354201,NA,NA,0.921020034666965,-1.84533394993295,NA,NA,NA,-0.411471854227381,NA,-0.154935613632086,NA,NA,-0.325186206376986,NA,NA,NA,-0.536170934148241,0.447741580060039
"Pyrgus armoricanus","Oberthür's grizzled skipper",NA,NA,NA,NA,-0.522552679721358,NA,NA,1.02257889444786,NA,-0.207312381706227,0.382932745540597,NA,NA,NA,NA,-0.414539823315407,-0.255881690134712,NA,-0.307377640317699,-0.332694843779944,-0.423492320819354,0.351186878962859
"Pyrgus malvae","grizzled skipper",NA,NA,0.37260549176276,0.414477279156517,-0.46628386626931,-0.260310838337474,-0.246397278748458,0.230268449923564,0.11528368925638,-0.0660376253836256,0.046899803938454,NA,NA,NA,NA,NA,-0.0750498834805982,0.190856748788479,0.169373237345951,0.0647032843985936,0.129620674556884,0.441334514063265
"Pyrgus malvoides","Southern Grizzled Skipper",NA,NA,0.422401697597496,1.2987412254989,NA,0.836656532259041,0.252718560985305,1.01534597429474,-0.0987537241895049,-0.0710404228766831,0.121132764804013,-0.534875692612598,0.124510665186199,0.0565055452347236,0.0594591458080459,-0.0997065762723331,0.0906022803030729,-0.191627505501163,-0.144020332008906,-0.107004570311426,0.0679878237306739,0.480518612976474
"Pyronia bathseba","Spanish gatekeeper",NA,NA,-0.32834167637422,NA,-1.08714099071021,-1.9545820109467,0.289649646390337,0.231389717813326,NA,-0.0418425428967278,NA,-0.547865296909751,0.0857866011571237,0.0719934095716828,0.153107728783426,0.183216327788682,0.0579840489759498,-0.193724605615309,0.0695232205994068,NA,0.142005092069657,0.434851641321569
"Pyronia cecilia","southern gatekeeper",NA,NA,0.301784221693525,0.87369180649168,NA,-1.13886841988648,0.0341271710304974,0.0985844642084528,0.147455831161068,-0.196940631780235,0.0699738262166754,-0.647415126946741,0.137351504233646,0.0731282660213725,0.0420449235202779,0.379785607740975,-0.0531319253385395,-0.181089750214089,-0.123587315798914,0.0818276042684692,0.10323521547,0.360684092766039
"Pyronia tithonus","hedge brown",NA,NA,0.107924430496803,-0.103614492721595,-0.0747284800915045,-0.212868755634024,-0.0275020519401535,NA,-0.024393253792525,-0.0456963639949944,NA,0.0420736982272537,NA,NA,NA,NA,NA,NA,-0.0226039523137704,-0.0214260358106787,-0.0194992082885112,0.158100587162075
"Satyrium acaciae","sloe hairstreak","Woodland","ABI",0.547928843965129,NA,NA,NA,NA,0.341509376771017,NA,NA,-0.893040522007652,-0.621699942118751,NA,NA,NA,NA,NA,NA,NA,NA,-0.228502729624105,0.402357504157533
"Satyrium esculi","false ilex hairstreak",NA,NA,-0.468655301595757,-0.391743383850644,0.362476837095413,0.0834982903231321,-0.0727443450125084,0.606205689510466,0.0260577251236012,-0.0986408618429032,-0.129612024984281,-0.371909002731589,0.0423830611419972,0.0379295438402289,-0.0163469588950316,-0.113431328664502,0.0678503535638331,-0.0768403294429709,NA,NA,0.101491292635123,0.39933245902593
"Satyrium ilicis","ilex hairstreak","Woodland","ABI",-0.847848717170998,0.613805536454513,NA,-0.709709938201802,-0.834850224198965,1.22590813101212,NA,NA,0.418523233393021,0.303827775018986,0.0740647588559143,-0.195791403514235,-0.210811499574291,-0.189646116040291,NA,NA,-0.111603173036846,-0.10124648339769,-0.138838763003878,0.438812973048831
"Satyrium pruni","black hairstreak",NA,NA,0.619681837996433,1.10379602249726,NA,NA,NA,0.574387239955128,NA,NA,NA,NA,0.377874158595821,NA,NA,0.362292097803086,NA,NA,NA,0.187046704309356,-0.203931612489624,0.230545313874531
"Satyrium spini","blue spot hairstreak",NA,NA,NA,NA,NA,NA,NA,NA,NA,NA,NA,NA,NA,NA,NA,NA,NA,NA,NA,NA,NA,0.158357874541078
"Satyrium w-album","white-letter hairstreak","Woodland","ABI",NA,NA,NA,NA,NA,NA,NA,NA,NA,NA,NA,NA,NA,NA,NA,NA,NA,NA,NA,NA
"Speyeria aglaja","dark green fritillary",NA,NA,-0.249857566977351,-1.4180021925725,0.405165760083194,0.320824412749847,-0.272477997914342,-0.284097755717764,0.111492314374447,0.0749935453921378,0.0835399135799989,NA,0.0769143138842993,NA,-0.0425608707388984,-0.0362223655162786,-0.0362698294032673,-0.0191289608593334,0.0533088160991723,-0.0754489522304297,-0.0224090179216575,0.206681351624082
"Spialia sertorius","red-underwing skipper","Grassland","ABI",-0.598544034810011,0.797847218343623,-0.304541303549627,NA,-0.282010870512574,0.421049434352738,NA,-0.0705612713195938,NA,NA,0.160328300143767,NA,0.197775322837414,-0.186580069162288,-0.0847657592976606,0.162661120800616,NA,NA,0.132660238623609,0.42193648680805
"Thecla betulae","brown hairstreak","Woodland","ABI",0.531060633936997,NA,NA,NA,0.230748341770104,0.54693334948465,0.167513124708354,NA,NA,NA,-0.130276585734083,0.243788420753131,NA,NA,0.174988165965574,-0.189777918201266,NA,-0.166158939673601,NA,0.172792578325597
"Thymelicus acteon","Lulworth skipper","Grassland","ABI",0.328840816541624,NA,-0.190895108115929,-0.432855993057895,0.224365848127946,-0.237036676789574,0.166614675510756,NA,NA,NA,NA,NA,NA,NA,NA,0.270029372085488,NA,NA,NA,0.286741872480226
"Thymelicus lineola","Essex skipper",NA,NA,0.243854753919243,NA,-0.427248357453522,-0.323436027954309,0.0569699140664308,0.102337362126296,NA,0.0580304396821881,NA,0.0489998482878996,-0.0710589024093645,NA,NA,NA,NA,-0.0627238892100691,-0.119700562910136,NA,0.118712637646672,0.272077512351778
"Thymelicus sylvestris","small skipper",NA,NA,NA,NA,NA,NA,NA,NA,NA,NA,NA,NA,NA,NA,NA,NA,NA,NA,NA,NA,NA,NA
"Vanessa atalanta","red admiral",NA,NA,NA,NA,NA,NA,NA,NA,NA,NA,NA,NA,NA,NA,NA,NA,NA,NA,NA,NA,NA,NA
"Vanessa cardui","painted lady",NA,NA,NA,NA,NA,NA,NA,NA,NA,NA,NA,NA,NA,NA,NA,NA,NA,NA,NA,NA,NA,NA
"Zerynthia rumina","Spanish festoon",NA,NA,-0.899701780464287,1.97966360167233,-1.05327281013835,-0.977241530047077,-0.292461629808352,0.502232889916386,NA,0.197525680774687,NA,NA,NA,-0.171619548813555,-0.343741950442981,NA,-0.138928953699959,NA,NA,NA,NA,0.450534053444516
